model,term,coef,se_hc3,p_hc3,huber_coef,pct_effect
Multifamily Housing,Intercept,4.65033,0.1202,0.0,4.71069,10361.97782
Multifamily Housing,"C(era, Treatment('1960-79'))[T.1930-59]",-0.09277,0.01039,0.0,-0.08638,-8.85991
Multifamily Housing,"C(era, Treatment('1960-79'))[T.1980-99]",0.01984,0.01592,0.21275,0.02436,2.00376
Multifamily Housing,"C(era, Treatment('1960-79'))[T.2000-09]",0.12271,0.01473,0.0,0.1312,13.05586
Multifamily Housing,"C(era, Treatment('1960-79'))[T.2010+]",0.10803,0.01784,0.0,0.12608,11.40858
Multifamily Housing,"C(era, Treatment('1960-79'))[T.pre-1930]",-0.04849,0.0108,1e-05,-0.04411,-4.73312
Multifamily Housing,"C(borough, Treatment('Manhattan'))[T.Bronx]",-0.05115,0.00854,0.0,-0.037,-4.9864
Multifamily Housing,"C(borough, Treatment('Manhattan'))[T.Brooklyn]",-0.08373,0.00843,0.0,-0.07818,-8.03174
Multifamily Housing,"C(borough, Treatment('Manhattan'))[T.Queens]",-0.12826,0.0094,0.0,-0.11191,-12.03729
Multifamily Housing,"C(borough, Treatment('Manhattan'))[T.Staten Is]",-0.08215,0.03767,0.02923,-0.07074,-7.88661
Multifamily Housing,"C(borough, Treatment('Manhattan'))[T.Unknown]",-0.0691,0.02794,0.01342,-0.04701,-6.67666
Multifamily Housing,log_area,-0.01501,0.00592,0.01118,-0.01666,-1.48978
Multifamily Housing,electric_share,-1.73065,0.02517,0.0,-1.7528,-82.28302
Multifamily Housing,steam,0.13079,0.02303,0.0,0.14717,13.97262
Multifamily Housing,oil,0.00412,0.00817,0.61388,0.00233,0.41324
Multifamily Housing,occupancy,0.00139,0.00094,0.13968,0.00062,0.13917
Multifamily Housing,units_per_10k_sqft,0.01941,0.00112,0.0,0.02145,1.95987
Office,Intercept,3.88405,0.202,0.0,3.89137,4762.05279
Office,"C(era, Treatment('1960-79'))[T.1930-59]",-0.11944,0.04813,0.01324,-0.1203,-11.25793
Office,"C(era, Treatment('1960-79'))[T.1980-99]",-0.0593,0.05581,0.28822,-0.051,-5.75737
Office,"C(era, Treatment('1960-79'))[T.2000-09]",-0.03443,0.07851,0.66104,0.01246,-3.38485
Office,"C(era, Treatment('1960-79'))[T.2010+]",-0.10545,0.09044,0.24392,-0.03129,-10.00762
Office,"C(era, Treatment('1960-79'))[T.pre-1930]",-0.14763,0.04123,0.00036,-0.14374,-13.72512
Office,"C(borough, Treatment('Manhattan'))[T.Bronx]",-0.01226,0.08277,0.88228,0.02179,-1.21842
Office,"C(borough, Treatment('Manhattan'))[T.Brooklyn]",-0.13232,0.05929,0.02585,-0.12461,-12.39405
Office,"C(borough, Treatment('Manhattan'))[T.Queens]",-0.12418,0.05444,0.02276,-0.1061,-11.67819
Office,"C(borough, Treatment('Manhattan'))[T.Staten Is]",-0.10055,0.09832,0.30669,-0.06493,-9.5664
Office,"C(borough, Treatment('Manhattan'))[T.Unknown]",-0.08952,0.11559,0.4388,-0.06965,-8.56337
Office,log_area,0.01644,0.01339,0.21969,0.01929,1.65772
Office,electric_share,-0.8318,0.08434,0.0,-0.81141,-56.47362
Office,steam,0.05185,0.03832,0.17633,0.05233,5.32211
Office,oil,-0.04078,0.03491,0.24292,-0.03333,-3.99639
Office,occupancy,0.00706,0.00105,0.0,0.00634,0.70824
