,log_eui,log_area,era,electric_share,steam,oil,borough,occupancy
0,4.810557015713042,12.233556480982335,2010+,0.483,0,0,Manhattan,90
7,4.436751534363128,14.477060254582621,1960-79,0.479,1,0,Manhattan,85
22,4.694096395182493,13.543738579400511,pre-1930,0.644,0,1,Manhattan,100
24,3.8199077165203406,12.258456345209735,1930-59,0.667,1,0,Manhattan,100
25,4.456670177669648,14.245529732480366,1960-79,0.5529999999999999,1,0,Manhattan,100
35,4.554928969551344,14.056194571965472,1960-79,0.441,1,0,Manhattan,60
36,4.22683374526818,14.21118522910223,pre-1930,0.539,1,0,Manhattan,100
42,4.498697941477575,14.257740802661305,1960-79,0.40700000000000003,1,0,Manhattan,95
52,4.119037174812473,14.211336020285,1980-99,0.6990000000000001,1,0,Manhattan,100
54,4.463606621666305,14.521130627624602,1980-99,0.711,1,0,Manhattan,95
57,4.398146016553765,13.719736170432212,1960-79,0.48200000000000004,1,0,Manhattan,95
58,4.471638793363569,13.718478596744674,1960-79,0.491,1,0,Manhattan,85
59,4.110873864173311,12.348765072446756,1930-59,0.5539999999999999,1,0,Manhattan,45
67,4.272490747605575,12.864574032017517,1960-79,0.6940000000000001,1,0,Manhattan,90
69,4.120661870539474,13.564042117824151,1930-59,0.5710000000000001,1,0,Manhattan,95
73,4.81380905109942,14.393938006159718,1960-79,0.45,1,0,Manhattan,95
75,4.09933210373314,13.161166695768216,pre-1930,0.473,1,0,Manhattan,75
76,4.566429357671661,13.239527554940855,1960-79,0.39,1,0,Manhattan,85
77,3.6686767467964168,12.444037812019973,1930-59,0.7490000000000001,1,0,Manhattan,85
79,3.8877303128591016,12.718441078553678,1980-99,0.7829999999999999,1,0,Manhattan,100
80,4.12552017969055,12.773906005118084,1960-79,0.42700000000000005,1,0,Manhattan,70
82,2.5494451709255714,12.835281125024515,1980-99,0.67,1,0,Manhattan,0
87,3.919991175077323,14.462877116137422,pre-1930,0.615,1,0,Manhattan,85
88,4.146304301152812,13.319517715905281,1930-59,0.672,1,0,Manhattan,90
89,4.341204640153626,11.5228163881182,2000-09,0.599,1,0,Manhattan,100
90,4.165113633110308,14.364783903895283,2000-09,0.705,1,0,Manhattan,100
95,4.01096295328305,14.048126702270714,1960-79,0.5660000000000001,1,0,Manhattan,95
96,3.9852734671677386,13.956230302370152,pre-1930,0.79,1,0,Manhattan,95
97,4.3254562831854875,13.904792605030257,pre-1930,0.643,1,0,Manhattan,55
100,4.4942386252808095,13.210304655235456,1960-79,0.667,1,0,Manhattan,85
101,4.2626798770413155,12.65852311552832,pre-1930,0.564,1,0,Manhattan,90
103,4.2456340097683265,13.747544302184183,1960-79,0.599,1,0,Manhattan,95
104,4.429625613473161,14.858586175879479,1960-79,0.484,1,0,Manhattan,100
105,3.6788291182604347,13.29010414932075,1980-99,0.7609999999999999,1,0,Manhattan,80
106,3.933784497209659,13.261876593197421,1980-99,0.693,1,0,Manhattan,75
107,3.9435216724875173,13.15238614966504,1960-79,0.43700000000000006,1,0,Manhattan,40
108,3.8133070324889884,13.194004738544205,1930-59,0.92,1,0,Manhattan,80
111,4.072439726834051,12.402025867555075,1930-59,0.765,1,0,Manhattan,60
117,3.824284091120139,13.72532432827736,pre-1930,0.701,1,0,Manhattan,70
118,4.31748811353631,13.801099211560942,1960-79,0.478,1,0,Manhattan,80
120,4.354141431184346,11.54807057643815,pre-1930,0.6409999999999999,1,0,Manhattan,100
121,4.065602093356446,13.697966118841475,1980-99,0.637,1,0,Manhattan,95
869,4.007333185232471,13.60986428258621,1980-99,0.674,1,0,Manhattan,55
871,3.9871304779149512,12.216864206608372,1980-99,1.0,0,0,Manhattan,100
872,4.163559631243574,11.608526511559617,pre-1930,0.615,0,0,Manhattan,90
873,4.11414718951828,12.525442320680236,2000-09,0.6890000000000001,0,0,Queens,100
874,4.028916756899646,13.486285397733642,1960-79,0.524,1,0,Manhattan,85
880,4.390738575275903,12.649157827477366,1960-79,0.5660000000000001,1,0,Manhattan,80
884,4.039536325727106,13.818342544103356,1980-99,0.754,1,0,Manhattan,90
885,3.955082494888593,12.723740805657831,pre-1930,0.595,0,1,Manhattan,95
930,3.8088822465086327,11.903107716213876,pre-1930,0.436,0,0,Brooklyn,100
983,3.9889840465642745,11.623795773801652,1930-59,0.774,0,0,Queens,100
1031,4.194189897191817,10.225571051705241,2000-09,0.883,0,0,Brooklyn,100
1070,4.430816798843313,12.571409962547559,1960-79,0.594,0,1,Brooklyn,100
1084,4.01096295328305,12.29847861218711,pre-1930,0.607,0,0,Queens,100
1119,4.039536325727106,13.019047436844291,pre-1930,0.6409999999999999,0,0,Manhattan,100
1120,4.599152113662528,11.692651990915644,pre-1930,0.498,0,0,Manhattan,95
1123,3.8649313978942956,12.497599816108218,pre-1930,0.69,1,0,Manhattan,75
1124,3.8394523125933104,11.891135847745172,1960-79,0.809,1,0,Manhattan,60
1137,4.203198967134183,11.851067734880662,pre-1930,0.708,0,0,Manhattan,100
1142,3.9396381724611196,12.637341943319871,1930-59,0.74,0,0,Manhattan,95
1149,3.459466289786131,13.92208074167859,pre-1930,0.807,1,0,Manhattan,75
1151,4.085976312551584,13.275127381955958,1980-99,0.747,1,0,Manhattan,90
1152,4.343805421853684,12.581672871225704,1960-79,0.529,1,0,Manhattan,80
1153,4.248495242049359,13.797892263275655,1930-59,0.606,1,0,Manhattan,100
1154,3.906004933102583,13.044888204124918,1930-59,0.647,1,0,Manhattan,70
1155,4.380775852772229,14.427537158488258,1960-79,0.6779999999999999,1,0,Manhattan,95
1168,4.163559631243574,12.250285683956493,pre-1930,0.424,0,1,Manhattan,70
1171,3.713572066704308,13.660653962370432,1930-59,0.711,1,0,Manhattan,60
1173,3.7864597824528,13.340129295131478,pre-1930,0.6709999999999999,0,0,Manhattan,80
1175,3.8416005411316,12.357389313336297,1930-59,0.695,1,0,Manhattan,65
1201,4.021773869387265,12.688943140482733,pre-1930,0.728,0,0,Manhattan,75
1206,4.490881039585964,12.650081955958477,pre-1930,0.87,0,1,Manhattan,100
1207,4.174387269895637,12.751438816770538,1980-99,0.715,1,0,Manhattan,95
1211,4.182050142641207,15.064382250972221,1960-79,0.7240000000000001,1,0,Manhattan,70
1212,4.128745988939433,11.163566550645935,1930-59,0.612,1,0,Manhattan,100
1214,5.195730777772936,13.127512099954856,1980-99,0.807,0,0,Brooklyn,100
1226,4.272490747605575,13.390965071675234,pre-1930,0.607,0,0,Manhattan,85
1238,4.884315927417586,11.288531131754366,1960-79,0.25,0,0,Queens,100
1239,4.096009841541162,11.968754102034659,pre-1930,0.601,0,0,Manhattan,100
1240,4.3463994570307305,11.876324749768177,pre-1930,0.312,0,1,Manhattan,100
1252,4.728272383122075,11.159303000329775,1960-79,0.21,1,0,Manhattan,75
1253,4.11251186617755,12.061965526533466,1930-59,0.599,1,0,Manhattan,40
1266,4.046553898385752,12.793859310432293,2000-09,0.732,1,0,Manhattan,25
1274,3.653252276470785,12.230618905948173,pre-1930,0.594,0,0,Manhattan,75
1275,4.104294893075269,12.727838209334498,pre-1930,0.608,0,0,Manhattan,100
1276,3.9180050771056933,11.082142548877775,pre-1930,0.513,0,0,Manhattan,100
1277,4.251348311031766,12.929142639741373,pre-1930,0.545,0,0,Manhattan,100
1278,4.063885354737392,12.216022976383341,pre-1930,0.767,0,0,Manhattan,100
1284,4.259859000699674,11.780851159056331,pre-1930,0.71,0,0,Manhattan,100
1285,2.8154087194227095,11.56171562913966,pre-1930,0.9990000000000001,0,0,Manhattan,100
1287,4.063885354737392,11.736069016284437,pre-1930,0.677,0,0,Manhattan,100
1288,4.37197629882038,12.068297977217222,pre-1930,0.706,0,1,Manhattan,100
1289,4.12552017969055,12.994530005894443,pre-1930,0.675,0,1,Manhattan,100
1290,3.520460802488973,12.591335046320818,pre-1930,0.675,0,0,Manhattan,100
1300,3.9435216724875173,11.934519795008264,pre-1930,0.39799999999999996,0,1,Manhattan,100
1301,3.039749158970765,12.95192375007175,1930-59,0.94,0,0,Manhattan,65
1303,4.37449836825309,12.515184696893511,2000-09,0.679,1,0,Manhattan,95
1304,3.9396381724611196,12.442329835989767,1960-79,0.5770000000000001,0,0,Manhattan,95
1324,4.651099117876491,11.058102031319523,1930-59,0.8759999999999999,1,0,Manhattan,30
1335,4.633757642840004,11.61908566079862,pre-1930,1.0,0,0,Manhattan,100
1336,4.030694535145645,13.263619854579684,1980-99,0.691,1,0,Manhattan,100
1347,3.8918202981106265,11.848647420200738,pre-1930,0.5770000000000001,0,0,Manhattan,100
1351,4.6141299273595635,13.2529353953962,1960-79,0.445,1,0,Manhattan,80
1372,4.56746831880408,12.118650275003361,2000-09,0.48200000000000004,0,0,Manhattan,100
1384,3.4242626545931514,12.133776108659545,pre-1930,0.203,0,1,Manhattan,20
1404,3.856510295497887,10.854179711127616,pre-1930,0.401,0,1,Manhattan,100
1409,3.6428355156125294,11.235589684572592,pre-1930,0.461,0,1,Manhattan,100
1410,3.8501476017100584,13.96047200294559,pre-1930,0.5329999999999999,1,0,Manhattan,90
1419,3.8437441646748516,12.202892594523544,1980-99,0.763,0,0,Queens,100
1423,3.8044377947482086,12.545953352425492,pre-1930,0.6890000000000001,1,0,Manhattan,75
1429,3.966511190712216,11.489626131315825,pre-1930,0.684,0,1,Manhattan,80
1430,3.8897773964808264,12.392556361841777,pre-1930,0.669,1,0,Manhattan,85
1450,4.6434288981051814,11.6617850286409,1960-79,0.44799999999999995,0,0,Manhattan,100
1451,4.055257173514054,13.011302199358536,pre-1930,0.46,1,0,Manhattan,100
1454,3.7184382563554808,12.044711868644091,pre-1930,0.599,0,1,Manhattan,90
1455,3.9815490680767565,12.517706812554087,pre-1930,0.5760000000000001,0,1,Manhattan,70
1462,4.123903364463645,11.058464421523198,pre-1930,0.345,0,1,Manhattan,60
1468,3.9852734671677386,11.590636224996903,pre-1930,0.42700000000000005,0,1,Manhattan,95
1470,4.130354999745133,11.01794038142337,pre-1930,0.491,0,1,Manhattan,80
1472,3.8501476017100584,12.38844420107417,pre-1930,0.6609999999999999,0,1,Manhattan,90
1473,4.183575695950044,12.521667749209294,pre-1930,0.551,0,1,Manhattan,85
1474,3.8066624897703196,11.600679899157802,pre-1930,0.424,0,1,Manhattan,70
1516,3.5322256440685598,12.100712129872347,pre-1930,0.48700000000000004,0,0,Manhattan,95
1519,4.070734696582967,13.37463068488495,pre-1930,0.634,0,0,Manhattan,95
1520,4.276666119016055,12.39388742027106,pre-1930,0.628,0,1,Manhattan,80
1521,4.370712874773608,12.563726110560948,pre-1930,0.539,0,1,Manhattan,95
1522,3.9531649487593215,12.469885859762769,1930-59,0.619,1,0,Manhattan,80
1549,3.983413001514819,12.821258284620408,pre-1930,0.711,0,1,Manhattan,100
1550,3.629660094453965,12.4130868149145,pre-1930,0.736,0,1,Manhattan,100
1551,3.7909846770510898,12.937651766705656,pre-1930,0.682,0,1,Manhattan,100
1552,3.591817741270805,10.983749159324974,pre-1930,0.539,0,1,Manhattan,100
1558,4.115779842942166,11.402060941122071,1960-79,0.5429999999999999,0,0,Queens,100
1559,4.65586330030361,11.309743841988604,1960-79,0.306,0,0,Queens,100
1568,4.794963757620747,11.249103138046113,pre-1930,0.423,1,0,Manhattan,100
1581,3.696351468952637,11.868044198641654,pre-1930,0.58,0,1,Manhattan,100
1582,3.7376696182833684,11.100647199928817,pre-1930,0.515,0,1,Manhattan,100
1584,4.1956970564823886,12.041174417156151,pre-1930,0.387,0,1,Manhattan,95
1586,4.034240638152395,11.159103590013903,1930-59,0.632,0,0,Manhattan,100
1588,3.9646154555473165,11.810062696192764,pre-1930,0.67,0,1,Manhattan,100
1596,4.238444906195857,12.615064859414495,1930-59,0.636,0,1,Manhattan,100
1597,4.531523645819793,11.769349041519238,pre-1930,0.574,0,1,Manhattan,100
1598,4.183575695950044,13.004054953755842,pre-1930,0.465,0,0,Manhattan,100
1600,4.036008985209137,12.149761519699165,pre-1930,0.527,0,1,Manhattan,100
1605,4.146304301152812,12.46086601527051,pre-1930,0.54,0,1,Manhattan,100
1606,4.0943445622221,12.705122202801508,1930-59,0.606,1,0,Manhattan,100
1610,4.107589788972121,12.10083989948724,pre-1930,0.522,0,1,Manhattan,100
1615,4.430816798843313,12.478284417590597,pre-1930,0.46799999999999997,0,1,Manhattan,100
1617,3.6375861597263857,12.322654960610038,pre-1930,0.648,0,0,Manhattan,100
1631,4.070734696582967,12.051224222336618,1930-59,0.441,0,1,Manhattan,100
1634,4.411585436915426,11.959026950372836,pre-1930,0.449,0,1,Manhattan,100
1636,3.713572066704308,12.39142709844151,pre-1930,0.5529999999999999,0,1,Manhattan,100
1642,4.244200317766478,11.579564902636335,pre-1930,0.693,0,1,Manhattan,100
1644,3.9589065913269965,11.998100917833185,pre-1930,0.442,0,1,Manhattan,100
1649,4.2612704335380815,12.980193638612505,pre-1930,0.47,0,1,Manhattan,100
1651,4.28496492183075,11.267306216890834,1930-59,0.5870000000000001,0,1,Bronx,100
1678,4.504244267398131,10.968198289528557,pre-1930,0.467,0,0,Brooklyn,90
1691,4.297285406218791,11.362683801639685,1930-59,0.428,0,0,Manhattan,100
1731,3.6988297849671046,11.955557897419832,pre-1930,0.493,1,0,Manhattan,95
1763,3.7400477406883357,13.085801047616773,pre-1930,0.8140000000000001,1,0,Manhattan,100
1813,3.591817741270805,11.943512361852173,1980-99,0.364,0,0,Bronx,100
1920,4.8895969657192,11.910815286240656,pre-1930,0.6679999999999999,1,0,Manhattan,100
1923,3.9982007016691985,11.002099841204238,pre-1930,0.371,0,1,Manhattan,100
1992,4.11251186617755,11.862384436288654,1960-79,0.56,0,0,Manhattan,100
1994,4.3254562831854875,11.50085288373596,1960-79,0.4,0,1,Manhattan,100
2005,3.8088822465086327,12.614865543731012,1980-99,0.634,0,0,Queens,100
2031,4.437934266612178,12.051947798702574,1930-59,0.805,1,0,Manhattan,90
2139,4.197201947661808,11.315059720840287,2000-09,0.575,0,0,Manhattan,100
2321,4.45898767581001,14.643321052783667,1980-99,0.47,1,0,Manhattan,90
2334,4.279440045898781,13.143157669700942,pre-1930,0.575,1,1,Manhattan,100
2381,3.9357395320454622,13.744616952655312,1980-99,0.494,0,1,Brooklyn,100
2382,4.046553898385752,13.493926933836812,1980-99,0.695,0,0,Brooklyn,80
2407,4.282206299391671,11.136412178811831,pre-1930,0.77,1,0,Manhattan,100
2415,3.673765816303888,13.509592550313085,1980-99,0.773,1,0,Manhattan,70
2419,3.6609942506244004,12.021638859549945,pre-1930,0.332,0,0,Manhattan,55
2420,3.9889840465642745,12.111761966058932,pre-1930,0.596,0,0,Manhattan,100
2421,3.977810745966149,12.557363119192066,pre-1930,0.895,0,0,Manhattan,100
2422,4.046553898385752,12.736700896592344,pre-1930,0.737,0,1,Manhattan,90
2423,4.203198967134183,13.138913662741944,1960-79,0.455,1,0,Manhattan,100
2437,4.464758032271346,12.868116081038785,1930-59,0.449,1,0,Manhattan,100
2463,4.08260930600368,12.952374262477944,1930-59,0.5329999999999999,1,0,Manhattan,70
2464,4.272490747605575,12.30407012041141,pre-1930,0.414,0,1,Manhattan,90
2465,4.11414718951828,11.731562878879846,pre-1930,0.489,1,0,Manhattan,100
2503,5.155601064346442,12.904060590660796,pre-1930,0.647,1,0,Manhattan,100
2514,3.517497837358316,12.426881473497664,1930-59,0.8109999999999999,1,0,Manhattan,95
2556,4.188138441508461,13.308559086635773,1960-79,0.623,1,0,Manhattan,95
2569,4.232656178019613,11.94732782297299,pre-1930,0.591,0,0,Manhattan,100
2573,4.403054001865957,13.183646605821227,1960-79,0.511,1,0,Manhattan,95
2581,3.3568971227655755,11.656410901312313,pre-1930,0.9990000000000001,0,0,Manhattan,100
2587,4.152613470346076,13.536026787409371,pre-1930,0.5539999999999999,0,1,Manhattan,100
2625,4.354141431184346,11.329086757885566,1960-79,0.722,1,0,Manhattan,70
2650,4.3694478524670215,12.971703265118451,pre-1930,0.49200000000000005,1,0,Manhattan,100
2651,3.681351187693145,11.686450108802113,pre-1930,0.53,1,0,Manhattan,100
2653,4.350277936359301,11.695163684958434,pre-1930,0.585,0,1,Manhattan,100
2654,4.055257173514054,11.258175140753421,1930-59,0.39,0,1,Manhattan,100
2656,3.9721769282478934,11.117880874189948,pre-1930,0.894,0,0,Manhattan,100
2668,4.300002799195291,12.816943584268547,1960-79,0.444,1,0,Manhattan,100
2691,3.983413001514819,11.550442805130176,pre-1930,0.45,0,1,Manhattan,90
2712,4.420044701861403,14.130763535769105,1960-79,0.36200000000000004,1,0,Manhattan,100
2713,4.4520190064939165,13.878568921709164,1960-79,0.521,1,0,Manhattan,100
2716,3.624340932976365,13.551080060306461,1930-59,0.375,1,0,Manhattan,100
2717,3.9396381724611196,13.647549789660422,1930-59,0.682,1,0,Manhattan,70
2718,3.6712245188752153,12.747026812117339,1980-99,0.8640000000000001,1,0,Manhattan,95
2720,4.141546163706395,14.097317656503337,pre-1930,0.596,1,0,Manhattan,85
2721,4.0943445622221,12.646325579124001,pre-1930,0.522,0,1,Brooklyn,55
2722,4.375757021660286,13.491818505767133,1960-79,0.48700000000000004,1,0,Manhattan,95
2723,4.343805421853684,12.562645084215422,pre-1930,0.5670000000000001,0,1,Manhattan,90
2727,4.248495242049359,13.29569632407678,pre-1930,0.82,0,0,Manhattan,100
2729,4.629862798578463,13.702010337946033,1960-79,0.508,1,0,Manhattan,100
2731,3.758871825933971,13.391119478185074,1930-59,0.642,1,0,Manhattan,85
2789,3.686376323895818,11.848261341893542,pre-1930,0.67,0,0,Manhattan,100
2807,4.3463994570307305,12.026198092379271,1960-79,0.48700000000000004,1,0,Manhattan,100
2818,4.2456340097683265,11.602409615467216,pre-1930,0.505,0,1,Manhattan,100
2900,2.833213344056216,11.19040346967574,1980-99,0.7340000000000001,0,0,Brooklyn,100
2977,4.032469158504013,13.39383374746482,1980-99,0.763,1,0,Manhattan,70
2993,3.8691155044168695,12.162716191980255,pre-1930,0.648,0,1,Manhattan,100
2996,3.906004933102583,12.535854695533908,pre-1930,0.536,0,1,Manhattan,90
3009,3.616308761279101,11.468795923207967,pre-1930,0.375,0,1,Manhattan,100
3011,4.023564380161053,12.783612546758368,pre-1930,0.6859999999999999,0,1,Manhattan,100
3150,4.489759334476764,11.233238016844151,1960-79,0.604,0,0,Bronx,100
3163,4.133565275375382,12.186043392556336,pre-1930,0.552,0,0,Queens,100
3184,3.979681653901961,13.910821646859095,1960-79,0.5329999999999999,1,0,Manhattan,90
3301,3.977810745966149,12.99914208117833,pre-1930,0.637,0,0,Brooklyn,100
3377,4.683056724645162,11.002099841204238,pre-1930,0.44299999999999995,1,0,Manhattan,100
3378,4.583946549536464,11.842229212112828,pre-1930,0.325,0,1,Manhattan,85
3382,4.513054897080286,11.113641215937145,pre-1930,0.28300000000000003,0,0,Brooklyn,100
3388,4.549657476057832,11.955776270285945,1930-59,0.55,1,0,Manhattan,100
3390,4.804021044733257,11.774035096561096,pre-1930,0.446,1,0,Manhattan,95
3395,4.417635062141249,11.484320207959893,pre-1930,0.642,0,1,Manhattan,100
3486,3.9569963710708773,12.10128974080081,pre-1930,0.617,0,0,Manhattan,100
3531,4.107589788972121,11.606934799041506,pre-1930,0.6,0,0,Manhattan,85
3550,4.144720769547168,11.073629492343159,1930-59,0.581,1,0,Manhattan,100
3566,3.8022081394209395,11.119882876860622,pre-1930,0.9990000000000001,0,0,Unknown,100
3689,4.191168746857641,10.955619507321696,1930-59,0.708,0,0,Queens,100
3720,4.824305715904762,11.28745420664684,1980-99,0.75,0,0,Unknown,100
3721,3.3357695763397,12.220468525813907,1960-79,0.763,0,0,Unknown,100
3751,4.215086179918229,10.87115557527003,pre-1930,0.479,0,0,Bronx,100
3822,4.212127597878484,10.983613347424248,pre-1930,0.522,0,1,Manhattan,100
3823,4.418840607796598,11.418625774449596,1930-59,0.39299999999999996,0,1,Manhattan,100
3824,3.9908341858524357,11.385103457032141,1930-59,0.7509999999999999,0,1,Manhattan,100
3826,4.589040804058207,12.423467705884736,pre-1930,0.503,0,1,Manhattan,100
3827,3.543853682063679,11.482682728899254,pre-1930,0.7090000000000001,0,0,Unknown,100
3829,4.730921391293652,12.955720662662408,pre-1930,0.401,1,0,Manhattan,100
3830,3.901972669574645,11.8879382384223,1930-59,0.426,0,1,Manhattan,100
3831,4.037774210733707,12.055691518669118,pre-1930,0.711,1,0,Manhattan,100
3832,4.601162164590552,11.246848316270832,pre-1930,0.5660000000000001,0,1,Manhattan,100
3854,4.395682961121367,13.66002565512388,2000-09,0.6990000000000001,1,0,Manhattan,100
3873,3.9926809084456005,11.18161189949515,1930-59,0.5670000000000001,0,0,Queens,100
3889,3.871201010907891,12.131688481392803,pre-1930,0.831,0,1,Manhattan,95
3893,4.575741375297279,10.976782033219948,pre-1930,0.39799999999999996,0,1,Manhattan,100
3899,3.563882963939251,12.394032444189902,pre-1930,0.85,0,1,Manhattan,90
3904,4.6568134191399295,11.911701584927597,1930-59,0.586,0,0,Queens,100
3905,3.5145260669691587,10.965349407729502,1980-99,0.603,0,0,Queens,100
3917,3.8691155044168695,11.056603809192042,pre-1930,0.19399999999999998,1,0,Manhattan,100
4328,4.447346100794524,14.409726510631296,1980-99,0.643,1,0,Manhattan,100
4386,4.45318382899021,13.756995459537952,pre-1930,0.7070000000000001,1,0,Manhattan,90
4388,4.0163830207523885,13.703485662353986,1960-79,0.645,1,0,Manhattan,75
4393,5.055608659738987,11.356470465570062,pre-1930,0.6579999999999999,0,0,Manhattan,100
4452,4.44500143383527,11.653669533597125,pre-1930,0.473,0,1,Manhattan,100
4453,4.1728476237100445,10.922244615954773,pre-1930,0.308,0,0,Manhattan,100
4477,4.519612297626445,11.556530782450949,pre-1930,0.348,1,0,Manhattan,100
4512,4.412798293340635,11.191314254255364,pre-1930,0.52,0,1,Manhattan,100
4517,3.9871304779149512,11.47715319908208,pre-1930,0.418,0,1,Manhattan,100
4612,3.594568774642695,11.099710403402003,pre-1930,0.364,0,0,Manhattan,100
4629,4.096009841541162,12.132469161485538,pre-1930,0.763,0,0,Manhattan,100
4647,4.067315889834181,13.24083950614953,1980-99,0.8109999999999999,1,0,Manhattan,90
4648,4.355425952876702,11.141963227709129,pre-1930,0.34700000000000003,0,1,Manhattan,55
4650,3.349904087274605,11.502875129116727,1930-59,0.33299999999999996,0,1,Queens,25
4653,3.9473901492654373,11.002932827508129,pre-1930,0.521,1,0,Manhattan,70
4660,4.091005660956586,13.195342426850253,1980-99,0.6920000000000001,1,0,Manhattan,85
4683,4.341204640153626,13.434020243900772,pre-1930,0.599,1,0,Manhattan,80
4761,3.4688560301359703,12.306284429186471,2000-09,0.8029999999999999,0,0,Staten Is,100
4775,3.901972669574645,13.510307892394504,1960-79,0.426,1,0,Manhattan,95
4776,4.02535169073515,12.672795900225767,pre-1930,0.336,1,0,Manhattan,95
4810,4.429625613473161,10.947907612120812,pre-1930,0.494,0,0,Manhattan,60
4864,4.065602093356446,10.854063762376834,2000-09,0.759,0,0,Manhattan,100
4889,4.405498990859024,11.650284522729077,pre-1930,0.389,1,0,Manhattan,85
4913,4.120661870539474,10.942013616092948,pre-1930,0.804,0,0,Bronx,100
4929,4.220977213155467,14.659487768233314,1960-79,0.627,1,0,Manhattan,60
5089,4.938781190328272,11.018497987013873,pre-1930,0.409,1,0,Manhattan,100
5141,3.7999735016195233,10.294312683904778,pre-1930,1.0,0,0,Staten Is,100
5170,3.893859034800475,12.319718244900324,1980-99,0.75,0,0,Queens,85
5279,4.027135812528651,12.359737493074324,1930-59,0.363,0,0,Queens,100
5315,4.02535169073515,13.821786820955758,1930-59,0.818,1,0,Manhattan,90
5366,4.640537329825382,12.940716792765409,2000-09,0.716,1,0,Manhattan,85
5379,3.3105430133940246,10.888371075875895,1960-79,0.987,0,0,Queens,100
5427,4.2017030805426,11.7950923567339,pre-1930,0.527,0,1,Manhattan,100
5448,5.029784112935016,11.452538314955133,pre-1930,0.413,0,1,Manhattan,100
5461,4.084294226368599,12.681126003408016,pre-1930,0.679,1,0,Manhattan,100
5462,4.152613470346076,13.319867427971039,1980-99,0.7659999999999999,1,0,Manhattan,95
5485,3.7727609380946383,13.077865886515244,pre-1930,1.0,0,0,Manhattan,100
5489,4.079230924412053,12.858228546408606,1980-99,0.7170000000000001,1,0,Manhattan,100
5490,3.716008121502189,13.015750967342493,1960-79,0.6659999999999999,1,0,Manhattan,100
5491,4.089332020398556,14.002405806134334,1960-79,0.47700000000000004,1,0,Manhattan,100
5494,4.297285406218791,13.27040227542776,1960-79,0.38,1,0,Manhattan,100
5497,3.597312260588446,10.763207932921889,2000-09,0.551,1,0,Manhattan,100
5536,3.7256934272366524,11.453663664091339,1960-79,0.591,0,0,Queens,100
5538,4.018183201256536,11.686878772093667,pre-1930,0.73,0,1,Manhattan,100
5581,4.056988775678332,12.13955349757897,pre-1930,1.0,0,0,Manhattan,100
5605,4.075841090657541,11.60357023319228,pre-1930,0.49200000000000005,0,1,Manhattan,100
5606,4.107589788972121,11.231331489058924,pre-1930,0.645,0,1,Manhattan,100
5623,3.9589065913269965,11.450496716695914,pre-1930,0.402,0,1,Manhattan,100
5686,3.9415818076696905,11.535909301360604,1960-79,0.6729999999999999,0,0,Manhattan,100
5701,4.456670177669648,10.998760939938723,pre-1930,0.24600000000000002,0,1,Manhattan,85
5702,4.087655574071304,12.337100907936577,pre-1930,0.47,0,1,Manhattan,90
5713,4.441474093317302,12.160028707028767,1960-79,0.301,1,0,Unknown,50
5714,3.7013019741124933,11.686878772093667,pre-1930,0.5870000000000001,0,1,Manhattan,90
5719,4.429625613473161,13.319772213327612,2010+,0.82,0,0,Queens,100
5725,4.302712827954156,10.95605590270283,pre-1930,0.8240000000000001,0,0,Manhattan,100
5774,4.430816798843313,12.368616574715453,pre-1930,0.897,0,0,Manhattan,100
5777,4.492001487882454,12.442890278991202,pre-1930,0.434,0,1,Manhattan,75
5803,3.8732821771117156,11.710275197589127,pre-1930,0.488,0,1,Manhattan,100
5889,3.8979240810486444,11.286589322756855,pre-1930,0.499,0,1,Manhattan,100
5890,4.462453883786496,11.651591154505844,pre-1930,0.46799999999999997,1,1,Manhattan,100
5891,4.247065649239764,11.839296859412013,1930-59,0.544,1,0,Manhattan,80
5908,3.832979798087693,12.770112916702292,pre-1930,0.705,0,1,Manhattan,100
5919,4.027135812528651,11.95966046727661,pre-1930,0.331,0,0,Manhattan,100
5931,3.8979240810486444,12.778539785664739,1930-59,0.722,1,0,Manhattan,85
5943,4.33204826486764,12.654083062399254,pre-1930,0.401,1,0,Manhattan,70
5963,4.146304301152812,13.390882507917619,1980-99,0.722,1,0,Manhattan,80
5964,4.730921391293652,11.815486297650478,1980-99,0.847,1,0,Manhattan,100
5969,3.5553480614894135,13.380103119076898,pre-1930,0.805,0,1,Manhattan,70
5978,4.732683506287051,11.70425631592177,pre-1930,0.542,0,0,Manhattan,90
6043,4.388257184424518,14.784842216227178,1960-79,0.595,1,0,Manhattan,95
6049,4.354141431184346,10.819678279409949,pre-1930,0.292,0,1,Manhattan,100
6051,4.102643365036796,11.254983408113324,pre-1930,0.6509999999999999,1,0,Manhattan,65
6052,4.001863709427935,13.944729289419781,pre-1930,0.5760000000000001,1,0,Manhattan,100
6053,3.9982007016691985,11.22390916950531,pre-1930,0.511,0,0,Manhattan,100
6066,3.655839600035736,11.848132615993713,1930-59,0.7659999999999999,0,0,Bronx,100
6067,4.65586330030361,11.695247021764184,pre-1930,0.33799999999999997,0,0,Manhattan,85
6093,4.338597076746545,13.924091382855858,1930-59,0.424,1,0,Manhattan,85
6179,3.975936331171799,12.614712708131982,pre-1930,0.439,1,0,Manhattan,60
6236,4.763028270603671,13.069477236162141,1960-79,0.335,1,0,Manhattan,90
6242,3.9512437185814275,11.771165853321868,pre-1930,0.523,0,1,Manhattan,95
6396,4.497584975308154,13.153749635045223,1980-99,0.773,1,0,Manhattan,100
6405,4.09933210373314,11.686416480379366,pre-1930,0.624,0,0,Manhattan,100
6437,4.294560608892605,11.535752924609598,pre-1930,0.584,0,1,Manhattan,85
6445,4.023564380161053,12.898822247066052,pre-1930,0.664,1,0,Manhattan,90
6492,4.406719247264253,13.07553798181239,pre-1930,0.552,1,0,Manhattan,100
6546,4.370712874773608,14.48993352952594,1930-59,0.615,1,0,Manhattan,100
6583,3.970291913552122,12.849963928483705,pre-1930,0.7290000000000001,1,0,Manhattan,100
6607,3.955082494888593,11.317482193798286,pre-1930,0.623,1,0,Manhattan,55
6613,4.354141431184346,12.69300406289473,1980-99,0.877,0,0,Brooklyn,100
6630,3.9396381724611196,11.596972452495843,pre-1930,0.8420000000000001,0,0,Manhattan,100
6636,3.7328963395307104,13.472343964050333,pre-1930,0.5720000000000001,1,0,Manhattan,55
6638,3.9926809084456005,13.503006964613803,pre-1930,0.742,0,1,Manhattan,100
6639,3.8372994592322094,13.332264432631456,1930-59,0.878,0,0,Unknown,85
6669,3.9982007016691985,13.513465834676657,2010+,0.718,1,0,Manhattan,95
6686,3.7232808808312687,11.336462711819253,pre-1930,0.971,0,0,Manhattan,100
6717,4.308110951723713,11.49272275765271,pre-1930,0.309,0,0,Manhattan,90
6732,4.144720769547168,11.74471949279188,1960-79,0.72,1,0,Manhattan,100
6746,4.252771798816619,11.578806834083741,pre-1930,0.35700000000000004,0,1,Manhattan,100
6751,4.283586561860629,12.612883514362693,1960-79,0.41100000000000003,1,0,Manhattan,55
6761,4.160444363926624,11.057408396963119,pre-1930,0.35700000000000004,0,1,Manhattan,100
6775,3.927896354584436,11.279100065309159,1960-79,0.62,0,0,Staten Is,100
6790,3.5496173867804286,12.067597624716122,pre-1930,0.597,0,1,Manhattan,85
6793,4.039536325727106,13.308251898344372,1930-59,0.767,0,1,Manhattan,80
6794,4.185098925490565,13.209399420756409,1980-99,0.384,1,0,Manhattan,80
6797,4.552823705615882,14.29656107009553,1960-79,0.545,1,0,Manhattan,90
6807,4.249922794040544,13.794134713811154,pre-1930,0.585,0,0,Queens,85
6808,4.062165663857866,13.85785331553799,1980-99,0.95,1,0,Manhattan,100
6809,4.12552017969055,13.104205516737625,1930-59,0.574,1,0,Manhattan,100
6837,4.14946386144318,14.863621168658426,1930-59,0.601,1,0,Manhattan,85
6840,3.367295829986474,12.884697384047785,pre-1930,0.452,1,0,Manhattan,0
6845,4.468204330914934,12.359287173017822,1930-59,0.644,1,0,Manhattan,100
6868,4.350277936359301,13.98921005136713,1980-99,0.519,1,0,Manhattan,85
6873,3.7612001156935624,13.600356257426238,1930-59,0.858,1,0,Manhattan,95
6888,4.175924549214524,13.080184212344626,pre-1930,0.66,0,0,Manhattan,85
6892,4.237000862623624,13.95002134582467,pre-1930,0.42700000000000005,1,0,Manhattan,95
6893,4.26549281841793,12.659629261105591,pre-1930,0.669,0,0,Manhattan,100
6898,3.7471483622379123,12.818481459835585,pre-1930,0.795,1,0,Manhattan,95
6920,3.919991175077323,12.429843999734903,pre-1930,0.778,0,0,Manhattan,100
6981,5.305789381386738,11.451050061252142,pre-1930,0.106,1,0,Manhattan,100
7022,4.21803603456465,13.525449658345373,pre-1930,0.659,1,0,Manhattan,95
7026,4.046553898385752,12.976898202472382,pre-1930,0.6920000000000001,0,0,Manhattan,85
7028,4.109233174715851,13.906137972535824,pre-1930,0.604,1,0,Manhattan,90
7057,4.02535169073515,13.630470509417705,1930-59,0.742,0,0,Manhattan,95
7110,3.822098297900159,11.715939775655931,pre-1930,0.8240000000000001,0,1,Manhattan,100
7125,4.021773869387265,12.446490139514651,1960-79,0.598,0,0,Brooklyn,40
7177,3.632309102625542,11.486776542475166,1960-79,0.596,0,1,Manhattan,100
7188,4.335982696172475,10.868568448579715,1980-99,0.6940000000000001,0,0,Manhattan,100
7189,4.079230924412053,10.973220141653588,pre-1930,0.361,0,1,Manhattan,100
7190,3.6506582412937387,11.66126788087164,pre-1930,0.563,0,1,Manhattan,100
7191,4.212127597878484,11.319995841062028,pre-1930,0.34,0,1,Manhattan,100
7222,4.378269585796169,11.407564949312402,pre-1930,0.564,1,0,Manhattan,100
7223,3.775057150354989,11.399196699641886,pre-1930,0.39799999999999996,0,0,Manhattan,100
7224,4.829113417472866,11.982091243316907,pre-1930,0.47700000000000004,0,0,Manhattan,100
7225,4.583946549536464,11.685802562936184,pre-1930,0.535,0,1,Manhattan,100
7226,4.324132656254979,12.304722696296512,pre-1930,0.467,0,0,Manhattan,100
7227,3.919991175077323,12.790662539534006,pre-1930,0.627,0,0,Manhattan,100
7230,4.574710978503383,13.111075912986392,1930-59,0.414,1,0,Manhattan,100
7233,4.065602093356446,13.129636861370827,pre-1930,0.703,0,0,Queens,100
7237,4.135166556742356,11.385092093460344,pre-1930,0.456,1,0,Manhattan,100
7244,4.036008985209137,12.243835565850405,pre-1930,0.765,0,0,Manhattan,100
7259,3.449987545831587,10.941464802666882,pre-1930,0.37200000000000005,0,0,Manhattan,100
7268,3.8543938925915096,11.460726497426634,pre-1930,0.364,0,1,Manhattan,100
7274,4.422448549172797,12.058998534290266,1960-79,0.63,0,0,Manhattan,100
7305,4.248495242049359,12.061965526533466,pre-1930,0.56,0,1,Manhattan,100
7343,4.141546163706395,12.382883211337314,pre-1930,0.8390000000000001,0,0,Manhattan,100
7356,3.708682081410116,13.151044124365225,pre-1930,0.6890000000000001,0,1,Manhattan,100
7498,4.212127597878484,10.862569538665166,pre-1930,0.594,0,0,Queens,80
7577,4.681204872264089,11.004696467051504,pre-1930,0.619,0,0,Manhattan,100
7628,4.030694535145645,12.063240996422632,pre-1930,0.588,0,1,Manhattan,75
7631,4.3463994570307305,11.276671344505923,pre-1930,0.563,0,0,Manhattan,100
7641,4.592084946439436,11.560381406126524,pre-1930,0.33899999999999997,0,1,Queens,100
7670,4.469350462845557,12.599987977687878,1930-59,0.527,0,0,Brooklyn,95
7698,4.660604892876192,11.414264678146258,1960-79,0.401,1,0,Manhattan,100
7724,4.157319361383489,12.453986855169596,pre-1930,0.485,0,0,Manhattan,100
7770,3.858622228701031,12.639768813979163,pre-1930,0.653,1,0,Manhattan,100
7774,4.679349584162343,11.867728658276166,pre-1930,0.779,0,0,Manhattan,100
7784,3.4307561839036995,11.443682562228068,pre-1930,1.0,0,0,Bronx,100
7786,4.175924549214524,11.985257631068547,1930-59,0.684,1,0,Manhattan,100
7791,4.036008985209137,11.619984537263637,2010+,0.581,0,0,Manhattan,100
7792,3.770459441106359,13.824018264576885,pre-1930,0.858,1,0,Manhattan,90
7796,3.7013019741124933,11.602309026104914,1960-79,0.755,1,0,Manhattan,100
7853,4.26689632742025,11.644032671628874,1960-79,0.201,0,0,Queens,95
7857,4.61512051684126,11.22505670842739,2010+,0.613,0,0,Manhattan,95
7860,4.189654742026425,14.062952497831306,pre-1930,0.423,1,0,Manhattan,85
7866,4.360547602996758,12.89921982609012,2010+,0.782,1,0,Manhattan,100
7895,3.339321977944068,11.258755535050895,pre-1930,0.7509999999999999,0,1,Manhattan,100
7968,4.075841090657541,11.519503780330352,pre-1930,0.377,0,0,Manhattan,100
8006,3.4404180948154366,13.083695311513415,pre-1930,0.727,1,0,Manhattan,60
8015,3.6428355156125294,11.944707881395766,1980-99,1.0,0,0,Manhattan,75
8026,3.977810745966149,14.61687247700994,1930-59,0.8059999999999999,1,0,Manhattan,95
8028,3.9926809084456005,13.131580766453938,1960-79,0.562,1,0,Manhattan,70
8043,3.8416005411316,12.256404477861176,pre-1930,0.442,1,0,Manhattan,75
8072,3.4995332823830174,12.846799581142786,pre-1930,0.924,1,0,Manhattan,70
8083,4.320151230955794,11.392947522266775,pre-1930,0.345,0,1,Manhattan,95
8090,4.450852825603734,11.426528444679414,1960-79,0.79,0,1,Manhattan,100
8134,3.8607297110405954,11.103452335464524,pre-1930,0.493,0,1,Manhattan,95
8182,4.428433007488037,12.764198753013867,pre-1930,0.39,0,1,Manhattan,55
8190,4.394449154672439,10.915088464214607,pre-1930,0.16899999999999998,0,1,Manhattan,95
8407,4.255612709818223,11.472103470449973,1930-59,0.243,0,0,Queens,50
8418,3.927896354584436,11.552607610108932,pre-1930,0.774,0,0,Manhattan,100
8445,4.280824129164719,11.066185134649654,pre-1930,0.445,0,0,Manhattan,100
8446,4.58700621536042,11.869536406860874,1930-59,0.484,0,1,Manhattan,80
8465,4.297285406218791,12.933270949912663,1980-99,0.792,0,0,Queens,95
8466,4.0943445622221,12.118863067081751,pre-1930,0.624,0,0,Brooklyn,100
8467,3.970291913552122,12.319472756857706,1960-79,0.611,0,0,Brooklyn,65
8470,2.772588722239781,11.072216525421487,1930-59,0.581,0,0,Queens,30
8512,4.034240638152395,10.891559265504869,1960-79,0.71,0,0,Queens,100
8523,3.7954891891721947,10.86268450542074,pre-1930,0.46799999999999997,0,0,Manhattan,100
8525,4.487512142519859,10.86566901117537,1960-79,0.5529999999999999,0,0,Bronx,95
8528,4.393213824064446,12.338249371007347,pre-1930,0.5660000000000001,0,1,Manhattan,100
8535,4.07753744390572,10.976063826653396,pre-1930,0.565,1,0,Manhattan,85
8536,2.714694743820879,14.301315560350892,1980-99,0.696,1,0,Unknown,70
8553,4.563305981889393,11.551184177087318,pre-1930,0.45899999999999996,0,1,Manhattan,100
8556,4.33204826486764,11.962471252313568,pre-1930,0.654,0,1,Manhattan,100
8605,4.1666652238017265,11.124656649440318,pre-1930,0.39399999999999996,0,1,Manhattan,85
8606,4.065602093356446,12.172257297035443,pre-1930,0.539,0,1,Manhattan,35
8671,3.960813169597578,12.928353780815183,pre-1930,0.6509999999999999,1,0,Manhattan,80
8682,4.23410650459726,11.172517493495368,1960-79,0.616,0,0,Staten Is,100
8704,4.664382045619937,12.722434913753926,pre-1930,0.62,1,0,Manhattan,100
8713,4.383275854074314,13.282608022677195,pre-1930,0.479,0,0,Queens,70
8778,4.388257184424518,10.977431394988523,pre-1930,0.371,0,1,Manhattan,100
8803,3.9684033388642534,10.96068739462369,pre-1930,0.578,0,0,Queens,100
8804,3.92395157629342,11.350406535472453,pre-1930,0.657,0,0,Manhattan,100
8805,4.393213824064446,10.897072603336532,1930-59,0.715,0,1,Manhattan,100
8811,3.520460802488973,10.858998997563564,pre-1930,0.5820000000000001,0,0,Brooklyn,100
8849,4.692264892839025,12.237251494011174,pre-1930,0.662,0,0,Manhattan,95
8885,4.223909766576744,11.873672108279015,1930-59,0.48100000000000004,0,0,Manhattan,100
8890,4.7664383335842135,10.965090015570338,pre-1930,0.836,0,0,Queens,100
8943,4.531523645819793,13.102160670086809,1930-59,0.57,0,1,Queens,100
8981,4.191168746857641,12.260120392926625,pre-1930,0.7859999999999999,0,1,Manhattan,100
9001,4.630837932736669,10.98201617442016,2000-09,0.622,0,0,Brooklyn,100
9114,3.7909846770510898,11.194921632632058,pre-1930,0.22,0,1,Bronx,90
9194,3.8199077165203406,13.693711217743516,1980-99,0.764,1,0,Manhattan,90
9218,3.703768066607687,10.98852478228779,pre-1930,0.662,0,1,Manhattan,65
9233,3.005682604407159,10.939018036317941,1960-79,0.998,0,0,Manhattan,100
9244,4.3067641501733345,10.987020043769144,pre-1930,0.133,0,1,Manhattan,40
9247,4.056988775678332,10.571316925111784,1930-59,0.526,1,0,Manhattan,85
9266,3.391147045808654,10.530201084004045,1980-99,0.727,0,0,Staten Is,100
9277,3.949318790171843,10.529425983402623,pre-1930,0.765,0,0,Manhattan,90
9314,4.157319361383489,13.500083118003806,1930-59,0.579,1,0,Manhattan,100
9339,4.706823839714591,10.703379290526062,pre-1930,0.7859999999999999,0,1,Manhattan,40
9340,4.3254562831854875,10.721062311471126,pre-1930,0.628,0,1,Manhattan,90
9343,3.6027767550605247,10.290449189079732,1960-79,0.516,0,0,Queens,100
9344,4.623010104116422,10.79605919778969,1930-59,0.28300000000000003,0,0,Bronx,100
9517,4.4953553199808844,11.578703842168515,pre-1930,0.73,0,1,Manhattan,65
9541,3.475067230228611,10.872370734529454,1930-59,0.693,0,0,Brooklyn,100
9543,3.856510295497887,10.949050620114422,pre-1930,0.615,0,0,Brooklyn,100
9598,4.722953221644475,10.257659366256743,pre-1930,0.424,0,0,Manhattan,80
9616,4.73795129722191,10.64144078072663,pre-1930,0.273,0,0,Manhattan,100
9711,4.430816798843313,11.994487043049693,pre-1930,0.563,0,1,Manhattan,100
9716,4.204692619390966,11.709182799502662,pre-1930,0.648,0,1,Manhattan,85
9729,4.175924549214524,10.596709730283713,pre-1930,0.38799999999999996,0,1,Manhattan,100
9734,4.041295341132285,10.821456874788838,pre-1930,0.626,0,0,Queens,100
9745,3.711130063048756,10.641847075917621,pre-1930,1.0,0,0,Bronx,100
9765,4.109233174715851,12.468436909997665,pre-1930,0.59,1,0,Manhattan,80
9809,2.970414465569701,10.53459974217654,pre-1930,1.0,0,0,Manhattan,100
9812,3.6375861597263857,10.428630196896911,pre-1930,0.988,0,0,Manhattan,100
9860,4.120661870539474,10.613172231735003,pre-1930,0.737,0,0,Manhattan,100
9876,4.51085950651685,10.640364495957398,pre-1930,0.326,0,1,Manhattan,100
9891,3.653252276470785,10.275051108968611,1930-59,0.419,0,0,Queens,100
9897,4.069026754237811,11.687416442648994,1960-79,0.406,1,0,Manhattan,100
9901,4.162003210695915,12.246412924043902,1960-79,0.434,1,0,Manhattan,100
9911,4.070734696582967,10.34512385694912,pre-1930,1.0,0,0,Manhattan,100
9948,3.7471483622379123,10.14013945387513,pre-1930,0.861,0,0,Manhattan,70
9951,4.123903364463645,10.69319413230083,pre-1930,0.581,0,0,Manhattan,100
9963,4.498697941477575,10.677523236829412,1960-79,0.522,0,0,Queens,100
9996,4.26689632742025,11.231887935237117,pre-1930,0.6459999999999999,0,1,Bronx,95
10091,3.5496173867804286,10.789978653171763,pre-1930,0.614,0,0,Manhattan,95
10093,4.625952725170619,11.59845157282688,pre-1930,0.5379999999999999,0,0,Manhattan,100
10098,4.180522258463153,12.547045453654775,1930-59,0.586,0,0,Manhattan,100
10112,3.054001181677967,11.901719038790421,1930-59,0.882,0,0,Brooklyn,90
10123,4.062165663857866,10.714417768752456,pre-1930,0.805,0,0,Manhattan,100
10213,4.028916756899646,11.929112883106669,pre-1930,0.644,0,1,Manhattan,100
10244,3.594568774642695,12.388885748162343,pre-1930,0.546,0,0,Manhattan,100
10301,4.589040804058207,10.446044374463572,pre-1930,0.493,0,0,Manhattan,100
10304,3.8372994592322094,10.828163033944676,pre-1930,0.7929999999999999,0,0,Manhattan,100
10426,4.446174454497633,10.498773802892188,pre-1930,0.877,0,0,Manhattan,100
10476,3.673765816303888,10.832556296769498,pre-1930,0.722,0,0,Manhattan,100
10541,4.554928969551344,10.36674975937051,pre-1930,0.377,0,0,Manhattan,100
10601,3.9569963710708773,10.742421965162054,pre-1930,0.84,0,1,Manhattan,100
10625,4.089332020398556,10.707997200949533,pre-1930,0.28800000000000003,0,1,Manhattan,95
10628,3.9531649487593215,10.778956289890028,pre-1930,0.243,0,1,Manhattan,85
10646,4.074141854904581,13.651724944207675,2000-09,0.8140000000000001,1,0,Manhattan,65
10692,3.3877743613300146,11.438805185048459,pre-1930,0.494,0,0,Unknown,25
11027,3.4011973816621555,10.656082191739493,1960-79,1.0,0,0,Brooklyn,100
11065,3.5610460826040513,10.210898720168904,1930-59,0.79,0,1,Manhattan,70
11152,3.339321977944068,10.16419660173648,1930-59,0.355,0,0,Brooklyn,100
11163,4.056988775678332,11.394085621088696,pre-1930,0.688,0,1,Manhattan,100
11168,3.996364153861897,12.045246400280826,pre-1930,0.597,0,1,Manhattan,75
11194,4.548599834499697,10.545341438708522,1930-59,0.723,0,0,Manhattan,85
11195,3.929862923556477,13.23893679287622,1980-99,0.7290000000000001,1,0,Manhattan,55
11245,3.9435216724875173,10.805882179218171,pre-1930,0.45799999999999996,0,1,Manhattan,90
11260,3.7062280924485496,10.268581953167608,pre-1930,0.23199999999999998,0,0,Manhattan,40
11266,4.241326752570746,10.797614471708561,pre-1930,0.7190000000000001,0,1,Manhattan,100
11303,3.5890591188317256,11.32960340784269,pre-1930,0.6829999999999999,0,1,Manhattan,90
11304,3.7932394694381792,11.457645286142052,pre-1930,1.0,0,0,Manhattan,100
11305,3.5524868292083815,11.620254042722753,1930-59,0.39,0,0,Manhattan,90
11307,3.7932394694381792,10.896739325546411,1980-99,0.662,0,0,Bronx,100
11450,3.8897773964808264,10.867844376979322,2010+,1.0,0,0,Brooklyn,100
11453,3.9889840465642745,10.17835030752565,2010+,0.672,0,0,Bronx,100
11597,4.283586561860629,12.684543451844617,1930-59,0.578,1,0,Manhattan,80
11625,4.225372824628505,12.888664312150603,1930-59,0.544,1,0,Manhattan,100
11693,3.9945242269398897,10.664293381569887,pre-1930,0.687,0,0,Queens,100
11720,4.55597994179732,11.247017930529275,pre-1930,0.716,0,0,Manhattan,75
11745,4.232656178019613,10.264826602601737,1980-99,0.47200000000000003,0,0,Queens,100
11780,3.6938669956249757,11.894015909936737,pre-1930,0.988,0,0,Manhattan,100
11781,4.403054001865957,12.292103542005842,pre-1930,0.025,0,0,Manhattan,100
11865,3.3877743613300146,10.169690593310785,2000-09,0.486,0,0,Queens,100
11931,4.412798293340635,11.79147344835286,pre-1930,0.597,0,1,Manhattan,100
11944,3.9259259105971376,11.913116690575684,2010+,0.7120000000000001,0,0,Manhattan,70
11978,4.238444906195857,10.290958397272014,pre-1930,0.305,0,1,Manhattan,100
11984,3.6788291182604347,13.436465837276234,2000-09,0.816,0,0,Manhattan,100
12013,3.5085558999826545,10.71308354573932,pre-1930,0.44,0,0,Brooklyn,100
12149,4.364371699435161,10.37061204103102,1960-79,0.845,0,0,Staten Is,100
12160,3.6189933266497696,11.421040412713825,1980-99,0.46,0,1,Manhattan,100
12254,3.858622228701031,10.158129770909708,pre-1930,1.0,0,0,Brooklyn,100
12389,4.021773869387265,11.209926688406554,pre-1930,0.638,0,0,Brooklyn,100
12684,3.910021002757473,12.825244922005526,pre-1930,0.742,0,1,Manhattan,100
12754,3.269568939183719,10.233510465477433,1930-59,1.0,0,0,Brooklyn,100
12756,4.308110951723713,10.80689565857927,pre-1930,0.608,1,0,Manhattan,100
12759,3.86702563949741,10.21464198117305,2010+,0.7879999999999999,0,0,Queens,100
12763,3.8437441646748516,11.680911422996816,pre-1930,1.0,0,0,Manhattan,100
12764,4.487512142519859,11.07635661181073,pre-1930,0.298,0,1,Manhattan,100
12807,3.7184382563554808,11.542260941305525,pre-1930,0.7509999999999999,0,0,Bronx,80
12824,3.7328963395307104,12.367213125402651,pre-1930,0.5760000000000001,0,1,Manhattan,100
12843,3.1654750481410856,10.790926032503254,pre-1930,0.402,0,0,Brooklyn,100
12845,3.655839600035736,10.19582128920296,pre-1930,0.369,0,0,Manhattan,100
12848,3.8628327612373745,10.71308354573932,pre-1930,0.618,0,0,Manhattan,100
12857,4.563305981889393,10.419270866621346,pre-1930,0.447,0,0,Manhattan,100
12983,4.1666652238017265,10.455934850992938,1930-59,0.612,0,0,Brooklyn,100
13020,3.871201010907891,10.552578346899153,pre-1930,0.568,0,1,Manhattan,70
13054,3.342861804649192,10.544946623937323,pre-1930,0.45799999999999996,0,0,Manhattan,100
13056,3.8110970868381857,11.06663836234181,pre-1930,0.768,0,0,Brooklyn,95
13066,4.280824129164719,10.377949976565812,pre-1930,0.583,0,1,Manhattan,95
13069,4.758749273916392,10.564111541390513,2010+,0.7559999999999999,0,0,Manhattan,100
13074,3.391147045808654,10.59282749475312,pre-1930,0.855,0,1,Manhattan,100
13075,3.933784497209659,10.631325972886003,1960-79,0.64,1,0,Manhattan,95
13125,4.212127597878484,10.47432584620829,1980-99,0.877,0,0,Queens,100
13129,4.26689632742025,10.214092379620332,1930-59,0.6759999999999999,0,0,Queens,100
13148,3.8918202981106265,10.483494030119285,pre-1930,0.955,0,0,Queens,100
13158,4.953006181259619,10.44668355633257,pre-1930,0.254,0,1,Manhattan,90
13162,4.416428061391214,10.690125076183412,pre-1930,0.22899999999999998,0,1,Manhattan,90
13167,4.030694535145645,10.483689974079939,pre-1930,0.738,0,0,Brooklyn,100
13273,4.203198967134183,10.736396675471232,1980-99,0.48100000000000004,0,0,Bronx,100
13490,3.0492730404820207,10.245835351328815,1930-59,1.0,0,0,Brooklyn,100
13534,4.247065649239764,10.505341474649683,1960-79,0.9159999999999999,1,0,Manhattan,100
13584,3.7376696182833684,10.54006438160768,pre-1930,0.91,0,0,Manhattan,50
13606,4.139955073474153,10.506436465177925,1930-59,0.838,0,0,Bronx,70
13682,4.51085950651685,10.677407943118556,pre-1930,0.755,0,1,Manhattan,100
13831,3.6054978451748854,13.523465648832753,pre-1930,0.615,1,0,Manhattan,60
13834,3.5524868292083815,11.110490760547092,2010+,1.0,0,0,Brooklyn,100
13901,2.341805806147327,10.787213769536883,1930-59,0.287,0,0,Queens,0
13917,3.7328963395307104,10.134599273499514,pre-1930,0.467,0,1,Manhattan,100
13918,4.793308128103486,10.4341158035983,pre-1930,0.547,0,0,Manhattan,100
13944,3.594568774642695,10.66148570541569,pre-1930,0.7,0,0,Queens,100
13978,3.594568774642695,10.743221161688128,2000-09,0.6409999999999999,0,0,Queens,90
13980,3.6584202466292277,12.598371457106579,pre-1930,0.5539999999999999,1,0,Manhattan,100
13981,4.829912458665998,13.046947781452364,pre-1930,0.354,1,0,Manhattan,100
13983,3.9589065913269965,13.0832711359982,pre-1930,0.45899999999999996,0,1,Manhattan,100
13992,3.696351468952637,11.584994932212501,pre-1930,0.389,0,1,Manhattan,60
14008,3.414442608412176,10.925182799100138,pre-1930,0.988,0,0,Manhattan,100
14031,4.036008985209137,10.268130666124037,1930-59,0.369,0,0,Brooklyn,100
14032,4.032469158504013,12.064612762469244,pre-1930,0.26899999999999996,0,1,Manhattan,100
14057,4.8496837630384935,10.245480237688719,pre-1930,0.903,0,0,Manhattan,100
14058,4.309455941839047,11.311127467675396,1960-79,0.6920000000000001,0,0,Manhattan,100
14087,3.8543938925915096,10.76888491004406,pre-1930,0.564,0,0,Manhattan,85
14107,4.169761201506855,10.410546089732875,1930-59,0.625,0,1,Bronx,80
14191,5.090062427727577,10.76905324958531,pre-1930,0.499,0,0,Brooklyn,100
14208,4.56954300834494,10.873527560404474,2000-09,0.765,0,0,Queens,100
14216,4.067315889834181,10.731755487016526,1930-59,0.7559999999999999,0,0,Bronx,100
14217,3.8199077165203406,11.22205163761701,1960-79,0.43700000000000006,0,0,Staten Is,100
14236,3.996364153861897,13.304396559288902,1960-79,0.7559999999999999,0,0,Manhattan,75
14237,3.883623530906448,12.414098498112384,1930-59,0.429,0,1,Manhattan,100
14252,4.436751534363128,11.162871411625611,pre-1930,0.462,0,1,Manhattan,100
14264,4.645351975620923,13.899640286991694,pre-1930,0.349,1,0,Manhattan,100
14278,4.282206299391671,10.19772310395775,pre-1930,0.01,1,0,Manhattan,65
14280,3.6913763343125234,10.444648376098192,pre-1930,0.499,0,1,Manhattan,100
14330,4.219507705176107,10.732825087546338,1960-79,0.5379999999999999,1,0,Manhattan,95
14344,4.046553898385752,11.312056972169696,2010+,0.815,0,0,Queens,100
14358,2.4765384001174837,10.203592144986466,pre-1930,0.977,0,0,Bronx,50
14393,5.807842144580979,10.197015007403428,pre-1930,0.35200000000000004,0,0,Manhattan,100
14434,3.730501128804756,10.27041971092751,1930-59,0.8859999999999999,0,0,Manhattan,100
14440,4.4520190064939165,14.260842965015861,1980-99,0.736,1,0,Manhattan,95
14496,3.3945083935113587,10.28909003154804,1930-59,0.758,0,0,Brooklyn,100
14528,4.21803603456465,12.628614446727287,1980-99,0.805,1,0,Manhattan,100
14542,4.231203744939298,10.35217177976427,1980-99,0.63,0,0,Bronx,100
14551,4.33204826486764,13.914768390071233,1980-99,0.753,1,0,Manhattan,95
14563,3.977810745966149,10.198244538659871,1930-59,0.48200000000000004,0,0,Manhattan,100
14603,5.761736867916757,10.373491181781864,1960-79,0.25,0,0,Brooklyn,100
14632,3.765840495250065,10.532096211958502,2000-09,0.519,0,0,Queens,100
14687,4.363098624788363,10.386561639971275,pre-1930,0.7659999999999999,0,0,Manhattan,100
14689,3.6109179126442243,11.858215850042322,pre-1930,0.925,0,0,Unknown,100
14692,4.128745988939433,10.883729132902106,1930-59,0.545,0,0,Queens,100
14756,3.7932394694381792,10.485703172388792,1930-59,0.511,0,0,Brooklyn,95
14821,3.8543938925915096,10.555812738575819,pre-1930,0.5579999999999999,0,0,Manhattan,100
14987,4.237000862623624,10.450249656106424,pre-1930,0.313,0,0,Manhattan,90
15090,4.204692619390966,13.555596688824442,1960-79,0.426,1,0,Manhattan,75
15114,4.0943445622221,11.99991525900257,2010+,0.715,0,0,Manhattan,90
15135,4.28771595520264,10.361766465136906,1960-79,0.405,0,0,Brooklyn,100
15150,4.007333185232471,11.00955531330892,pre-1930,1.0,0,0,Manhattan,100
15243,3.214867803470662,10.30668342120025,pre-1930,0.345,0,0,Manhattan,100
15256,3.3978584803966405,10.381180294641172,pre-1930,1.0,0,0,Manhattan,85
15257,2.7788192719904172,10.736396675471232,1930-59,0.358,0,0,Bronx,100
15268,4.060443010546419,10.203592144986466,1930-59,0.583,0,0,Staten Is,85
15269,5.91052560460263,10.241922148185072,1980-99,0.281,0,0,Manhattan,95
15293,4.673762977453703,10.996819256760313,1930-59,0.722,1,0,Manhattan,100
15424,4.583946549536464,12.579279678301479,1960-79,0.489,1,0,Manhattan,100
15516,4.231203744939298,10.454149084799319,2000-09,0.563,0,0,Queens,100
15517,4.257030144499196,10.700746969978026,2010+,0.479,0,0,Brooklyn,100
15520,4.681204872264089,10.642706921198457,2010+,0.45899999999999996,0,0,Brooklyn,100
15555,3.716008121502189,10.516373251493265,pre-1930,0.504,0,0,Queens,100
15563,4.5591262474866845,10.933106969717286,pre-1930,0.601,0,0,Queens,100
15581,4.1059436980654525,11.099181178854801,1960-79,0.457,1,0,Manhattan,50
15604,3.616308761279101,10.539270415706502,2000-09,0.648,0,0,Brooklyn,100
15613,4.110873864173311,10.16199824768763,1930-59,0.5720000000000001,0,0,Staten Is,100
15626,2.8213788864092133,10.64960661786218,pre-1930,1.0,0,0,Manhattan,100
15644,3.0492730404820207,10.851528857723105,pre-1930,1.0,0,0,Manhattan,100
15668,3.9871304779149512,11.047312184025786,pre-1930,0.447,1,0,Manhattan,95
15671,4.120661870539474,10.653180459281268,pre-1930,0.295,0,1,Manhattan,100
15750,4.067315889834181,11.592568092622425,pre-1930,0.435,0,1,Manhattan,100
15759,2.9601050959108397,10.722958966429568,pre-1930,1.0,0,0,Manhattan,75
15771,4.75960653929251,12.67790273078917,1960-79,0.321,1,0,Manhattan,90
15824,4.375757021660286,10.38495645364112,1930-59,0.599,0,0,Manhattan,100
15873,5.284218442168535,10.28442086845496,1930-59,0.318,0,0,Queens,100
15985,3.7184382563554808,13.744633054530805,1930-59,0.7829999999999999,0,1,Manhattan,100
15990,4.511957804265912,10.657259354912508,1930-59,0.741,1,0,Manhattan,100
15996,4.289088639014612,10.130623125119875,pre-1930,0.475,0,0,Manhattan,100
16038,4.139955073474153,11.750003479140885,pre-1930,0.635,0,1,Manhattan,100
16097,3.624340932976365,10.138559674715612,1960-79,0.318,0,0,Queens,70
16102,4.541164856012179,11.002099841204238,2000-09,0.6729999999999999,0,0,Manhattan,100
16159,4.8629083820668,10.482177411118249,2000-09,0.5710000000000001,0,0,Manhattan,100
16191,3.711130063048756,11.971299228733795,2010+,1.0,0,0,Brooklyn,100
16209,4.3254562831854875,10.268130666124037,2000-09,0.569,0,0,Manhattan,100
16253,4.160444363926624,11.508103859691012,2010+,0.748,0,0,Manhattan,15
16266,3.9627161197436642,10.72849598180637,2000-09,0.546,0,0,Bronx,100
16273,4.333361462692601,10.13034420176222,pre-1930,0.259,0,0,Brooklyn,100
16392,3.6888794541139363,10.220340002287688,pre-1930,0.74,0,0,Manhattan,100
16404,4.255612709818223,12.504026779252559,pre-1930,0.8270000000000001,0,0,Manhattan,100
16436,3.9435216724875173,13.223628518451845,pre-1930,0.51,0,0,Brooklyn,95
16481,3.8897773964808264,11.268532740616845,pre-1930,0.529,0,0,Brooklyn,100
16494,4.457829598089382,12.604328495942623,pre-1930,0.515,0,0,Brooklyn,95
16534,4.133565275375382,11.751060086583395,1930-59,0.72,0,0,Manhattan,100
16610,4.584967478670572,10.851645100748655,2000-09,0.546,0,0,Manhattan,100
16649,4.3254562831854875,10.691944912900398,1980-99,0.621,0,0,Brooklyn,100
16707,3.9396381724611196,10.731165626053679,1930-59,0.802,0,0,Queens,100
16708,4.400603020246817,11.030768279551923,pre-1930,0.245,0,1,Manhattan,100
16750,4.497584975308154,11.225243392518447,pre-1930,0.8640000000000001,0,0,Manhattan,100
16841,3.858622228701031,10.851393223779535,2010+,0.155,0,0,Queens,100
16865,3.955082494888593,11.310784800744297,pre-1930,0.996,0,0,Unknown,100
16877,3.520460802488973,10.51867319162636,pre-1930,1.0,0,0,Bronx,85
16920,4.249922794040544,11.246809170433009,1980-99,0.769,1,0,Manhattan,80
16952,4.141546163706395,11.5047319899417,pre-1930,0.4,0,0,Manhattan,100
16953,4.593097604753822,10.42821608147111,pre-1930,0.43,0,0,Manhattan,100
16957,3.9982007016691985,11.609943276849727,pre-1930,0.292,0,0,Manhattan,100
16960,5.0670156275323635,10.35047840747279,1930-59,0.9740000000000001,0,0,Manhattan,100
16981,4.115779842942166,11.501470102124378,1980-99,0.664,1,0,Manhattan,40
16994,4.68213122712422,12.153926355866624,1960-79,0.345,1,0,Unknown,100
16996,3.8372994592322094,12.844874510599674,1930-59,0.6809999999999999,1,0,Manhattan,100
17032,3.8308129500026027,12.349787633878707,pre-1930,0.9179999999999999,0,1,Manhattan,85
17046,4.286341384539473,10.216581491048599,1980-99,0.45899999999999996,0,1,Manhattan,100
17081,3.4111477125153233,11.17310763809792,2010+,0.48200000000000004,0,0,Bronx,90
17111,3.9473901492654373,10.46310334047155,pre-1930,0.513,0,0,Queens,80
17173,3.109060958860994,13.556298021579824,pre-1930,0.561,0,0,Manhattan,40
17176,4.264087336809195,12.909845671306334,pre-1930,0.748,1,0,Manhattan,100
17181,4.130354999745133,10.142661920922865,2000-09,0.856,0,0,Manhattan,100
17187,4.048300623720694,10.48508845835116,1960-79,0.6859999999999999,0,0,Brooklyn,50
17243,4.637637376125593,10.661298246421795,pre-1930,0.09699999999999999,0,0,Manhattan,100
17264,4.091005660956586,13.422595369146439,1980-99,0.718,1,0,Manhattan,100
17285,4.498697941477575,10.285956940849976,1930-59,0.5539999999999999,0,0,Queens,100
17335,3.703768066607687,10.491274217438248,1980-99,1.0,0,0,Brooklyn,100
17394,4.388257184424518,14.47793457868138,1930-59,0.677,0,0,Manhattan,100
17418,4.553876891600541,12.575413042919706,1960-79,0.371,1,0,Manhattan,100
17468,4.441474093317302,11.458437599686107,2010+,0.603,0,0,Bronx,100
17568,3.4011973816621555,10.94827703450673,pre-1930,1.0,0,0,Brooklyn,90
17574,3.8979240810486444,12.464583340681674,pre-1930,0.677,0,0,Staten Is,60
17580,3.6454498961866,10.384925559407527,2010+,0.358,0,0,Queens,100
17584,3.4781584227982836,10.126631103850338,pre-1930,1.0,0,0,Manhattan,45
17592,3.996364153861897,13.362845345870694,pre-1930,0.818,0,0,Brooklyn,95
17635,4.585987366571318,14.351070159318752,1960-79,0.593,1,0,Manhattan,100
17638,4.3294166844015844,12.610877535742459,pre-1930,0.529,0,1,Queens,70
17642,3.8022081394209395,12.431525528284732,pre-1930,0.507,0,0,Manhattan,85
17648,4.7059200890882344,10.485703172388792,pre-1930,0.955,0,0,Manhattan,100
17657,4.1059436980654525,13.819682841869989,1980-99,0.59,0,0,Manhattan,45
17659,3.681351187693145,12.002118788609105,pre-1930,0.467,0,0,Manhattan,100
17674,4.857484114602081,10.73328313778719,2010+,0.436,0,0,Manhattan,100
17696,4.109233174715851,10.735874800187577,pre-1930,0.6659999999999999,0,0,Manhattan,85
17709,4.239886867512759,11.433654959072143,pre-1930,0.8390000000000001,0,0,Manhattan,100
17806,4.423648309364701,10.626144990470014,pre-1930,0.341,0,1,Manhattan,100
17810,4.242764567340374,10.404262840448617,pre-1930,0.642,0,1,Manhattan,90
17853,4.2017030805426,10.517347989609593,1960-79,0.284,0,0,Queens,80
17882,4.235554730773624,10.428689342246626,pre-1930,0.449,0,1,Manhattan,100
17956,4.58700621536042,12.479700163814835,1930-59,0.5770000000000001,1,0,Manhattan,85
17985,3.0492730404820207,10.774780918479548,1960-79,1.0,0,0,Bronx,55
18011,4.953006181259619,11.490526470026749,pre-1930,0.589,0,1,Manhattan,100
18022,3.6938669956249757,10.15739306550038,pre-1930,0.35600000000000004,0,0,Brooklyn,100
18124,3.449987545831587,10.35806023475132,pre-1930,0.679,0,0,Queens,90
18339,4.56746831880408,14.511326673745929,1960-79,0.807,1,0,Manhattan,100
18395,3.517497837358316,10.707124571258316,1980-99,1.0,0,0,Manhattan,80
18405,3.7471483622379123,10.373491181781864,1930-59,0.5539999999999999,0,0,Queens,90
18416,4.489759334476764,14.166560310136248,1980-99,0.575,0,0,Brooklyn,100
18418,3.55820113047182,10.986326087088196,pre-1930,0.586,0,1,Manhattan,90
18424,3.763522997109702,11.540589268952703,pre-1930,0.539,0,0,Manhattan,100
18426,4.359269647551265,12.924726741192531,pre-1930,0.569,0,0,Manhattan,100
18427,3.970291913552122,11.708319536231874,pre-1930,0.488,0,0,Manhattan,100
18429,4.3294166844015844,11.42468424111979,pre-1930,0.46399999999999997,0,0,Manhattan,100
18430,4.0943445622221,11.39143556738252,pre-1930,0.5770000000000001,0,0,Manhattan,100
18432,4.231203744939298,11.85579150332187,pre-1930,0.462,0,0,Manhattan,100
18449,3.7954891891721947,11.049825947401231,1930-59,0.8029999999999999,1,0,Manhattan,100
18519,3.8979240810486444,11.406475467153298,1980-99,0.46,0,0,Queens,80
18539,4.443827035579329,11.55578378477213,pre-1930,0.47100000000000003,1,0,Manhattan,55
18593,4.461299815568389,10.996735478705087,1980-99,0.511,0,0,Queens,100
18758,4.247065649239764,11.717383524759665,1930-59,0.527,0,1,Manhattan,100
18806,4.875197323201151,11.053964638919313,1930-59,0.484,0,0,Queens,100
18836,4.93662988078576,10.407802024686461,pre-1930,0.38299999999999995,0,0,Manhattan,100
18884,4.05871738457895,10.411569415631055,2010+,0.6890000000000001,0,0,Queens,100
18898,3.6136169696133895,10.398762894953803,2000-09,0.966,0,0,Queens,85
18973,4.09933210373314,10.72326738402944,1980-99,0.366,0,0,Unknown,100
18975,3.292126286607793,10.182406339317753,1980-99,0.607,0,0,Queens,80
18982,3.933784497209659,11.002099841204238,1980-99,0.5870000000000001,0,0,Queens,100
18987,3.703768066607687,12.586048990871172,1930-59,0.242,0,1,Manhattan,0
19034,4.157319361383489,10.248777937608223,1960-79,0.9,0,0,Manhattan,100
19102,4.481871969643598,10.287320360517178,2000-09,0.545,0,0,Brooklyn,90
19197,4.751000634199631,11.520278366015411,2010+,0.539,1,0,Manhattan,50
19264,4.365643155423357,11.942686358975987,pre-1930,0.622,0,1,Manhattan,40
19308,3.6428355156125294,11.380228010237108,2010+,0.848,0,0,Manhattan,50
19341,3.9589065913269965,10.645424897265505,2010+,0.971,0,0,Manhattan,100
19343,4.416428061391214,11.389977865885351,2010+,0.682,0,0,Bronx,100
19435,2.9806186357439426,11.661345470088502,2000-09,0.5529999999999999,1,0,Manhattan,0
19535,4.252771798816619,10.645424897265505,1980-99,0.718,0,0,Staten Is,95
19541,4.417635062141249,10.322197887394314,1960-79,0.373,0,0,Brooklyn,90
19571,3.3775875160230218,10.233654236594065,2000-09,0.635,0,0,Queens,100
19572,4.08260930600368,11.912110897121085,pre-1930,0.445,0,0,Manhattan,100
19590,3.937690752176724,12.526738473611667,pre-1930,0.871,1,0,Manhattan,95
19743,4.210645017918261,12.120100728115206,1930-59,0.758,1,0,Manhattan,100
19823,4.12552017969055,10.731821005651142,pre-1930,0.504,0,1,Queens,90
19829,4.109233174715851,10.673595774232203,1980-99,0.44799999999999995,0,0,Queens,100
19858,3.3945083935113587,10.368321592451126,1930-59,1.0,0,0,Brooklyn,100
19970,3.2771447329921766,11.27123599636892,1930-59,1.0,0,0,Queens,100
20012,4.522874943261261,11.550924278061439,pre-1930,0.316,0,1,Manhattan,100
20021,3.7612001156935624,10.146433731146518,pre-1930,0.469,0,0,Brooklyn,100
20104,3.7727609380946383,11.79808936949684,pre-1930,0.726,0,1,Manhattan,75
20227,4.797442073635214,11.914944642674094,1930-59,0.621,0,1,Manhattan,100
20228,4.378269585796169,10.699597376153898,1930-59,0.5710000000000001,0,0,Brooklyn,70
20357,3.742420221041966,10.218298292376161,1930-59,0.494,0,1,Manhattan,100
20365,4.11251186617755,10.60313853743474,2010+,0.7829999999999999,0,0,Manhattan,80
20366,3.6402142821326553,10.982356212167627,1960-79,0.99,0,0,Manhattan,75
20375,3.5610460826040513,11.156250521031495,pre-1930,0.615,0,1,Manhattan,100
20455,3.784189633918261,11.996351114547604,pre-1930,0.457,0,1,Manhattan,100
20460,3.8979240810486444,10.545341438708522,1930-59,0.67,0,0,Brooklyn,100
20622,4.155753190350744,12.876526775542443,pre-1930,0.993,0,0,Manhattan,100
20778,3.624340932976365,10.329833138223648,1930-59,0.743,0,0,Queens,100
20780,4.463606621666305,10.824447367258546,pre-1930,0.78,0,0,Manhattan,95
20798,4.207673247529104,11.523746703601812,pre-1930,0.40299999999999997,0,1,Manhattan,100
20828,4.771531723203316,10.852419709126046,pre-1930,0.5539999999999999,0,0,Manhattan,95
20829,4.079230924412053,10.631036159813405,pre-1930,0.18600000000000003,0,0,Queens,95
20830,2.9069010598473755,10.73589655042955,pre-1930,1.0,0,0,Queens,95
20831,2.995732273553991,12.162120758000992,pre-1930,1.0,0,0,Manhattan,95
20832,3.6109179126442243,11.767296328701011,pre-1930,0.617,0,1,Manhattan,90
20833,4.602165676967792,10.901137048778104,pre-1930,0.63,0,0,Manhattan,95
20834,4.185098925490565,10.918718232265187,pre-1930,0.24600000000000002,0,1,Manhattan,95
20835,4.26549281841793,12.01680502056332,pre-1930,0.789,0,1,Manhattan,95
20836,4.237000862623624,11.782005589022347,pre-1930,0.705,0,1,Manhattan,95
20838,3.9815490680767565,10.956247856355338,pre-1930,0.701,0,1,Manhattan,95
20839,3.673765816303888,12.140733804221833,pre-1930,0.595,0,0,Manhattan,70
20848,3.629660094453965,11.168489602689515,pre-1930,0.473,0,1,Manhattan,95
20850,2.617395832834079,11.347673392071796,pre-1930,0.9990000000000001,0,0,Manhattan,95
20856,3.7999735016195233,11.936014357831942,pre-1930,0.537,0,0,Manhattan,95
20857,3.9219733362813143,13.10471454901719,1930-59,0.5920000000000001,1,0,Manhattan,95
20858,4.041295341132285,12.153378370226996,pre-1930,0.6859999999999999,0,0,Manhattan,95
20859,4.275276264727001,11.345393993648909,pre-1930,0.5870000000000001,0,0,Manhattan,95
20860,3.9908341858524357,12.707729363051245,pre-1930,0.527,0,0,Manhattan,95
20958,4.690430029938915,13.354579250472126,2000-09,0.6629999999999999,0,1,Manhattan,100
20999,4.289088639014612,10.925884521948419,pre-1930,0.752,0,0,Manhattan,95
21003,4.93014804318357,11.045223185586325,2000-09,0.46399999999999997,1,0,Manhattan,100
21004,3.9569963710708773,11.608235644774552,1930-59,0.616,0,0,Manhattan,100
21033,4.869071729774468,10.345959386273389,1930-59,0.568,0,0,Brooklyn,100
21039,4.600157644164547,13.458835614025542,2010+,0.76,0,0,Manhattan,90
21059,3.3843902633457743,10.695665256559028,pre-1930,1.0,0,0,Manhattan,100
21097,4.300002799195291,13.793050202034092,2000-09,0.607,0,0,Brooklyn,100
21154,3.3105430133940246,11.351629316982098,pre-1930,0.6970000000000001,0,1,Manhattan,100
21210,4.3067641501733345,10.164851316670035,pre-1930,0.188,0,0,Manhattan,70
21226,4.180522258463153,12.89921982609012,2010+,0.7390000000000001,1,0,Manhattan,100
21257,3.9415818076696905,11.154291460467713,1930-59,0.7090000000000001,0,1,Manhattan,100
22617,4.056988775678332,12.914376875457872,1930-59,0.439,1,0,Manhattan,100
22618,4.3067641501733345,13.065793025915934,pre-1930,0.518,1,0,Manhattan,100
22623,4.366912996863833,11.859970186815517,pre-1930,0.32,0,0,Bronx,70
22624,4.310799125385514,12.361566708328617,1980-99,0.789,0,0,Unknown,100
22625,4.127134385045092,13.561392202350634,2000-09,0.718,0,0,Bronx,100
22630,4.594109238628667,11.920388575741066,1980-99,0.48,0,0,Staten Is,100
22660,3.828641396489095,11.358351362178784,1960-79,0.591,0,0,Queens,100
22765,4.070734696582967,11.641037197734024,pre-1930,0.207,0,1,Brooklyn,100
22766,4.757891273005756,10.858998997563564,pre-1930,0.146,0,0,Brooklyn,100
22788,5.075173815233827,11.80908153150139,1930-59,0.133,0,0,Manhattan,100
22790,4.212127597878484,11.56378016318854,pre-1930,0.657,0,1,Bronx,100
22791,4.619073091157083,10.695619969780495,1930-59,0.442,0,0,Bronx,100
22795,4.506454213048934,11.217211220821182,pre-1930,0.532,0,1,Bronx,100
22862,4.976043849326636,10.70604951908194,1930-59,0.243,0,0,Unknown,100
23147,3.6788291182604347,11.112447898373103,1930-59,0.204,0,0,Brooklyn,100
23151,2.388762789235098,12.483844523823299,2010+,1.0,0,0,Brooklyn,0
23181,3.5409593240373143,10.136819030237827,1930-59,0.535,0,0,Brooklyn,90
23219,4.05871738457895,12.468436909997665,pre-1930,0.682,1,0,Manhattan,100
23221,4.490881039585964,10.225571051705241,1930-59,0.304,0,0,Queens,100
23232,4.183575695950044,11.049968946408427,1930-59,0.823,1,0,Manhattan,100
23296,4.382026634673881,13.333186543504047,1930-59,0.489,1,0,Manhattan,100
23302,4.175924549214524,10.599879463260962,pre-1930,0.321,0,0,Manhattan,100
23345,3.520460802488973,10.67521483321893,1930-59,0.988,0,0,Manhattan,100
23381,4.294560608892605,12.633762282363472,pre-1930,0.633,0,0,Manhattan,75
23382,4.136765278106052,12.744102846211975,pre-1930,0.601,0,0,Manhattan,80
23384,3.899950424193877,10.88807224504927,pre-1930,0.58,0,0,Manhattan,85
23385,3.9259259105971376,12.190359843485506,pre-1930,0.603,0,0,Manhattan,95
23386,3.9926809084456005,12.716681245748259,pre-1930,0.696,0,0,Manhattan,85
23387,4.036008985209137,12.574673195902909,pre-1930,0.7609999999999999,0,0,Manhattan,70
23389,3.9569963710708773,13.803189970270443,pre-1930,0.679,0,0,Manhattan,70
23405,4.478472532942134,10.685652429413727,1960-79,0.5670000000000001,1,0,Manhattan,90
23410,3.7864597824528,10.445084834968872,pre-1930,0.253,1,0,Manhattan,80
23459,2.8154087194227095,11.193849040018124,2000-09,1.0,0,0,Brooklyn,100
23466,3.580737295494233,13.153800027036782,pre-1930,1.0,0,0,Queens,100
23530,3.728100167267218,10.42022566305372,1930-59,1.0,0,0,Manhattan,100
23532,3.5085558999826545,10.817696118205959,pre-1930,0.61,0,0,Manhattan,100
23533,3.9435216724875173,11.496989153831874,pre-1930,0.32899999999999996,0,1,Manhattan,100
23534,3.505557396986398,11.676955751791931,pre-1930,0.643,0,1,Manhattan,100
23535,3.835141961092188,11.964389543902103,pre-1930,0.631,0,0,Manhattan,100
23536,3.768152635008444,12.07250125210563,pre-1930,0.762,0,1,Manhattan,100
23549,3.8607297110405954,10.968215530759236,1930-59,0.371,1,0,Manhattan,100
23614,4.085976312551584,11.072713620532229,pre-1930,0.401,0,1,Queens,100
23692,3.3141860046725258,12.853385289746319,pre-1930,0.07200000000000001,0,0,Brooklyn,30
23735,3.9815490680767565,10.993782010430735,pre-1930,0.682,1,0,Manhattan,5
23737,3.744787086052232,11.184421397998193,1930-59,0.511,1,0,Manhattan,15
23847,5.255931650051599,10.521587858773161,1930-59,0.14800000000000002,0,0,Brooklyn,100
23855,3.9080149840306073,10.873338008504597,1930-59,0.359,0,0,Manhattan,100
23884,4.638604962074329,12.05083887937662,1930-59,0.57,1,0,Manhattan,90
23889,3.9357395320454622,10.373491181781864,pre-1930,0.384,0,1,Manhattan,100
23933,3.391147045808654,11.557487656226199,1930-59,0.883,0,0,Manhattan,100
23954,3.9454577815143836,12.34386308054383,1930-59,0.725,1,0,Manhattan,100
23966,4.009149716158869,12.342184456011049,pre-1930,0.778,0,0,Manhattan,100
23993,3.5779478934066544,12.121788455474263,1930-59,0.456,1,0,Manhattan,80
24157,4.146304301152812,10.768442883873123,1980-99,0.5579999999999999,0,0,Queens,100
24285,4.467056883858457,14.27142286929245,1960-79,0.541,1,0,Manhattan,80
24382,4.178992036282385,12.752863689728773,1980-99,0.642,1,0,Manhattan,90
24528,3.5667118201397288,11.803159278958578,1930-59,0.975,0,0,Manhattan,100
24541,4.359269647551265,11.2872787834379,pre-1930,0.57,1,0,Manhattan,100
24551,3.673765816303888,12.600318384563346,pre-1930,0.8109999999999999,0,0,Manhattan,100
24552,3.572345637857985,12.061925100442462,pre-1930,0.48700000000000004,0,0,Manhattan,70
24616,4.298645025734831,12.713661035103181,pre-1930,0.531,0,1,Manhattan,45
24640,2.5572273113676265,10.728912214902909,1930-59,1.0,0,0,Manhattan,100
24899,3.8522730010223722,12.355651461726085,1980-99,0.802,0,1,Manhattan,100
24954,3.7819143200811256,14.445774380181993,2010+,0.757,1,0,Manhattan,85
25078,3.4436180975461075,10.23099111917458,pre-1930,0.41100000000000003,0,0,Queens,0
25123,4.5612182984589085,10.238172478583245,pre-1930,0.40700000000000003,0,0,Manhattan,100
25124,4.100989104940769,11.674653081462434,pre-1930,0.747,0,1,Unknown,100
25145,3.6584202466292277,10.423827768670705,1930-59,0.153,0,0,Brooklyn,20
25250,3.5409593240373143,11.542940473813326,pre-1930,0.914,0,0,Manhattan,80
25258,4.222444564849416,11.58200366614983,pre-1930,0.604,0,1,Manhattan,80
25260,4.023564380161053,11.672413305355239,pre-1930,0.27699999999999997,0,1,Manhattan,80
25263,4.037774210733707,11.099150928990923,pre-1930,0.276,0,1,Manhattan,80
25265,4.351567427189173,11.454565152669018,pre-1930,0.29100000000000004,0,1,Manhattan,80
25266,4.051784947803305,11.580210211775825,pre-1930,0.35700000000000004,0,1,Manhattan,80
25268,3.9396381724611196,11.233052819409929,pre-1930,0.365,0,1,Manhattan,80
25327,4.182050142641207,11.971299228733795,1930-59,0.64,0,0,Brooklyn,100
25362,4.249922794040544,11.183851791358684,pre-1930,0.446,1,0,Manhattan,90
25382,4.123903364463645,12.334967053941266,pre-1930,0.522,0,0,Manhattan,90
25435,2.785011242238338,12.493009440331546,2010+,1.0,0,0,Manhattan,35
25456,3.7184382563554808,12.486843389679176,pre-1930,0.544,0,0,Manhattan,60
25459,4.401829261970061,11.250469196270478,pre-1930,0.285,0,0,Brooklyn,100
25569,3.8691155044168695,11.153102714740765,1930-59,0.6559999999999999,0,0,Bronx,95
25571,4.51852237926242,10.426439356099959,pre-1930,0.877,0,0,Unknown,100
25592,3.6027767550605247,11.480288630443932,1930-59,0.9279999999999999,0,0,Brooklyn,100
25596,4.210645017918261,10.12862910651301,pre-1930,0.731,0,1,Manhattan,100
25600,4.535820107853298,10.308952660644293,1930-59,0.524,0,0,Queens,100
25605,4.206184043977636,11.002099841204238,pre-1930,0.424,0,1,Manhattan,95
25664,3.756538102587751,13.449836673314357,pre-1930,0.8,1,0,Manhattan,100
25696,4.060443010546419,11.544017072447902,pre-1930,0.614,0,0,Manhattan,100
25766,4.817050545023591,14.372755537753694,1960-79,0.512,1,0,Manhattan,95
25811,4.641502115235482,11.03811027872727,2010+,0.511,0,0,Queens,90
25812,2.4595888418037104,11.238488619268468,2010+,0.9990000000000001,0,0,Queens,90
25815,4.368181227851829,10.287865208313807,2010+,0.535,0,0,Queens,90
26005,4.447346100794524,10.915361154304014,pre-1930,0.131,0,1,Manhattan,100
26040,5.843834230103957,10.544024782823776,1930-59,0.341,0,0,Manhattan,100
26122,4.591071261608589,11.961430905267218,1960-79,0.7709999999999999,0,0,Manhattan,100
26301,3.632309102625542,12.301382825334498,pre-1930,0.473,0,0,Queens,40
26360,4.5736795188967205,10.265418658620565,1980-99,0.7070000000000001,0,0,Bronx,100
26441,4.2710950739666,10.499490372209587,pre-1930,0.519,1,0,Manhattan,95
26450,3.5610460826040513,10.687183595798688,pre-1930,1.0,0,0,Manhattan,60
26600,3.885679030088544,11.721913295160187,pre-1930,0.52,0,1,Manhattan,90
26816,4.182050142641207,11.447447836342556,pre-1930,0.332,0,1,Manhattan,85
26818,3.1179499062782403,10.783860909223483,2010+,1.0,0,0,Manhattan,70
27175,4.298645025734831,10.568646696555904,1980-99,0.7909999999999999,0,0,Staten Is,100
27225,4.933034048072704,13.926299413489655,1960-79,0.912,1,0,Manhattan,80
27242,4.3463994570307305,11.276671344505923,pre-1930,0.563,0,0,Manhattan,40
27340,4.028916756899646,12.066183945121555,pre-1930,0.564,1,0,Manhattan,65
27344,4.647271362006727,11.512925464970229,pre-1930,0.889,0,0,Manhattan,90
27345,4.3694478524670215,12.14888834900233,pre-1930,0.775,0,0,Manhattan,100
27428,4.204692619390966,11.251560700835821,1980-99,0.705,0,0,Staten Is,100
27516,3.7184382563554808,11.46536204803862,1980-99,0.5870000000000001,0,0,Unknown,100
27569,4.085976312551584,10.687389096364537,2010+,0.9790000000000001,0,0,Manhattan,100
27570,2.4932054526026954,10.28062177087623,pre-1930,0.21899999999999997,0,1,Manhattan,0
27591,4.414009680526933,12.015263168039864,pre-1930,0.39,0,1,Manhattan,65
27597,4.390738575275903,11.68340214739626,1930-59,0.595,0,1,Manhattan,100
27668,4.154184562578117,10.437785532487261,pre-1930,0.659,0,0,Manhattan,85
27671,4.254193263163997,10.322197887394314,1930-59,0.489,0,0,Brooklyn,80
27813,4.169761201506855,12.954763325546375,1960-79,1.0,0,0,Manhattan,70
27822,4.001863709427935,13.227198955306436,1960-79,0.5720000000000001,1,0,Manhattan,90
27823,3.462606009790799,12.387664769686149,pre-1930,0.828,0,0,Unknown,85
27890,2.6741486494265287,10.299440900271696,2010+,1.0,0,0,Brooklyn,80
27967,4.084294226368599,10.799983657082104,pre-1930,0.20199999999999999,0,0,Manhattan,100
27993,4.210645017918261,12.91845121182753,1960-79,0.56,1,0,Manhattan,100
27994,4.144720769547168,13.428298347529655,1930-59,0.634,1,0,Manhattan,85
28010,3.9871304779149512,11.240407829038219,1980-99,0.6859999999999999,0,0,Unknown,100
28020,4.055257173514054,11.6236883614545,pre-1930,0.445,0,1,Manhattan,90
28064,4.084294226368599,10.782387895191723,1930-59,0.649,0,0,Queens,90
28066,5.279134547131263,10.963410986589126,1960-79,0.39399999999999996,0,0,Bronx,100
28150,2.312535423847214,10.203332852113716,2010+,1.0,0,0,Manhattan,100
28174,3.8155121050473024,11.780774659668289,1930-59,0.9059999999999999,1,0,Manhattan,75
28218,4.492001487882454,11.828728413138665,1930-59,0.096,1,0,Manhattan,90
28225,4.547541073151455,10.995545072233563,pre-1930,0.441,0,0,Manhattan,80
28272,3.7184382563554808,10.971382868542177,pre-1930,0.341,0,1,Manhattan,90
28308,4.063885354737392,10.560230051202273,1960-79,0.524,1,0,Manhattan,70
28361,4.579852378003801,11.094405511988263,pre-1930,0.376,0,1,Manhattan,80
28368,4.143134726391533,13.04963568299808,pre-1930,0.536,1,0,Manhattan,100
28373,4.302712827954156,12.167077107023179,pre-1930,0.425,0,0,Manhattan,70
28376,3.370738174177447,11.90190204807357,pre-1930,0.163,0,0,Manhattan,100
28378,4.300002799195291,10.63964632868932,1930-59,0.27899999999999997,0,1,Manhattan,100
28391,3.3178157727231046,10.4048990016915,1930-59,1.0,0,0,Bronx,100
28467,3.9080149840306073,10.387856258239758,pre-1930,0.7140000000000001,0,0,Manhattan,90
28565,4.7664383335842135,10.357742824813725,pre-1930,0.276,0,1,Manhattan,100
28619,4.366912996863833,12.515184696893511,2000-09,0.677,1,0,Manhattan,100
28620,3.9396381724611196,12.442329835989767,1960-79,0.5770000000000001,0,0,Manhattan,100
28667,4.046553898385752,12.793859310432293,pre-1930,0.732,1,0,Manhattan,100
28670,3.8155121050473024,11.780774659668289,1930-59,0.9059999999999999,1,0,Manhattan,100
28887,4.128745988939433,10.800248819801778,pre-1930,0.503,0,1,Manhattan,80
28982,4.421247347827163,10.404262840448617,pre-1930,0.773,0,0,Manhattan,90
29116,4.314817884980432,10.308885991755306,2010+,0.9390000000000001,0,0,Manhattan,100
29289,3.5467396869528134,10.244236345924602,1930-59,1.0,0,0,Brooklyn,100
29373,3.7612001156935624,11.105438313910426,pre-1930,0.94,0,0,Manhattan,100
29592,3.9160150266976834,11.918390573078392,pre-1930,0.184,0,1,Brooklyn,100
29613,3.2846635654062037,10.290822633771823,pre-1930,0.932,0,0,Brooklyn,100
29616,3.7256934272366524,10.712193073730345,1930-59,0.7759999999999999,0,0,Brooklyn,100
29630,4.119037174812473,10.762890422203235,1930-59,1.0,0,0,Brooklyn,100
29819,4.223909766576744,12.17145532050848,1930-59,0.607,0,0,Brooklyn,100
29837,4.001863709427935,11.87757552297847,pre-1930,0.439,0,1,Manhattan,85
29858,3.879499813722586,12.634124084533342,pre-1930,0.951,0,0,Unknown,100
29890,3.845883202923601,11.719850199461066,pre-1930,0.616,0,0,Manhattan,100
30143,4.11414718951828,10.939160041430364,pre-1930,0.8859999999999999,0,0,Manhattan,0
30302,4.235554730773624,12.292209056515333,pre-1930,0.483,0,0,Manhattan,100
30326,4.034240638152395,11.728036844587175,pre-1930,0.377,0,0,Queens,100
30327,4.05871738457895,10.288749953326773,pre-1930,0.674,0,1,Manhattan,100
30416,3.4242626545931514,12.452463863564073,pre-1930,1.0,0,0,Staten Is,100
30557,4.58700621536042,12.479700163814835,1930-59,0.5770000000000001,1,0,Manhattan,100
30666,3.9982007016691985,11.67789738342907,pre-1930,0.6829999999999999,0,1,Manhattan,100
30791,3.9180050771056933,13.841296231482414,1980-99,0.775,1,0,Manhattan,80
30800,5.336094730882067,10.90661631304262,1960-79,0.39399999999999996,0,0,Bronx,100
30808,4.417635062141249,12.840318718169957,1960-79,0.41,1,0,Manhattan,100
30833,3.4339872044851463,11.129569146450041,2010+,0.852,0,0,Manhattan,100
30845,4.3489867805956814,11.154105364685108,1980-99,0.429,0,0,Queens,100
31103,4.350277936359301,11.771590588351517,pre-1930,0.556,0,0,Brooklyn,100
31105,4.279440045898781,11.396537705463201,pre-1930,0.76,0,0,Brooklyn,80
31106,4.092676505121403,12.238931820786938,pre-1930,0.655,0,1,Manhattan,95
31207,4.23410650459726,12.015487035317756,2010+,0.6559999999999999,0,0,Bronx,100
31222,4.589040804058207,14.180965147771834,1980-99,0.743,1,0,Manhattan,100
31259,4.203198967134183,13.242009565203208,1980-99,0.708,0,0,Bronx,90
31596,5.008633291425583,11.40491700214822,pre-1930,0.47200000000000003,0,0,Manhattan,75
31869,3.7232808808312687,11.682347513024581,pre-1930,1.0,0,0,Manhattan,100
31893,3.7013019741124933,14.066564174458966,1930-59,0.621,1,0,Manhattan,55
31903,3.9646154555473165,10.98296798888821,pre-1930,0.537,0,1,Manhattan,90
31934,3.6082115510464816,12.615290702507645,pre-1930,0.6559999999999999,1,0,Manhattan,70
32141,3.7796338173824005,11.846744184125878,pre-1930,0.48200000000000004,0,1,Manhattan,70
32142,4.180522258463153,11.184213042960456,pre-1930,0.764,0,1,Manhattan,70
32145,3.288401887516811,10.526426838052577,pre-1930,0.502,0,1,Manhattan,70
32176,4.460144413937834,11.50992095594993,pre-1930,0.465,0,0,Brooklyn,100
32201,3.563882963939251,10.871003576485728,2010+,1.0,0,0,Brooklyn,100
32202,4.314817884980432,13.98921005136713,1980-99,0.5,1,0,Manhattan,100
32206,2.8094026953624978,10.610118418254732,2010+,1.0,0,0,Brooklyn,100
32252,3.975936331171799,10.819778284410283,1930-59,1.0,0,0,Brooklyn,90
32283,3.742420221041966,10.333612752380663,pre-1930,0.556,0,1,Manhattan,100
32561,3.6838669122903918,10.93684995599612,pre-1930,0.539,0,0,Manhattan,80
32667,4.14946386144318,13.030804950963695,2000-09,0.8059999999999999,0,1,Queens,100
32792,4.100989104940769,10.618200511010635,1980-99,0.818,0,0,Queens,100
32895,4.032469158504013,12.275360806748154,pre-1930,0.528,0,0,Manhattan,100
33744,3.977810745966149,11.1222504423347,pre-1930,0.182,0,0,Manhattan,50
33997,4.206184043977636,12.01136469308517,1960-79,0.718,1,0,Manhattan,100
34152,4.3294166844015844,11.677150937494774,pre-1930,0.616,0,0,Manhattan,90
34820,4.279440045898781,12.566711223881358,1930-59,0.807,0,0,Bronx,75
35854,3.8501476017100584,11.8088807200738,pre-1930,0.8270000000000001,0,0,Manhattan,95
35855,4.169761201506855,10.86322084225312,pre-1930,0.6829999999999999,1,0,Manhattan,100
35856,3.0007198150650303,10.794542524342022,pre-1930,0.835,0,0,Manhattan,90
36021,4.741447804280639,10.641464685013865,2010+,1.0,0,0,Brooklyn,100
36205,4.874433672915854,12.269535588440812,pre-1930,0.621,0,0,Queens,85
36252,4.238444906195857,11.917596924889637,1980-99,0.687,1,0,Manhattan,100
36327,3.427514689979529,12.744015257784103,pre-1930,1.0,0,0,Brooklyn,100
36848,3.912023005428146,11.043641576648842,1980-99,0.9009999999999999,0,0,Queens,95
36988,3.5610460826040513,10.999312627196202,1980-99,0.863,0,0,Manhattan,100
37032,4.722953221644475,11.679574852369887,pre-1930,0.561,0,0,Manhattan,100
37035,4.523960130562548,10.971657815702502,pre-1930,0.593,0,0,Manhattan,100
37036,4.410371107683024,11.1061144515377,1980-99,0.374,0,1,Manhattan,100
37189,4.188138441508461,10.525809827315793,pre-1930,0.665,0,0,Manhattan,100
38957,4.01096295328305,13.063988223636484,1930-59,1.0,0,0,Queens,90
38978,3.2268439945173775,11.581387528937125,2010+,0.6990000000000001,0,0,Manhattan,95
39062,4.967727793084979,11.091269997463336,1930-59,0.865,0,0,Bronx,100
