,fitted,resid,cooks
0,4.21314142910532,0.5974155866077213,0.004045497719433723
7,4.375366212931449,0.061385321431679074,1.905520573879338e-05
22,4.088365189725799,0.6057312054566939,0.0013083070948997954
24,4.16893523957525,-0.34902752305490914,0.0004440504982694774
25,4.415867073047169,0.04080310462247905,8.12623581428083e-06
35,4.2236202118710535,0.3313087576802909,0.0006068386141166848
36,4.279315883979724,-0.052482138711543946,1.10087923144868e-05
42,4.502224102328584,-0.003526160851008875,6.336307644159157e-08
52,4.23456408879669,-0.11552691398421722,8.155914094654898e-05
54,4.194388900865971,0.26921772080033346,0.0004604524754595694
57,4.430993361807811,-0.03284734525404609,4.612336998664459e-06
58,4.352912486972509,0.11872630639105974,5.853255257471883e-05
59,3.87625694156844,0.23461692260487155,0.00031438240813814767
67,4.205304124585206,0.06718662302036904,1.832260431486366e-05
69,4.234966911641507,-0.11430504110203277,5.166404070349975e-05
73,4.468695832969637,0.34511321812978313,0.0006114393755097628
75,4.140516261200816,-0.04118415746767656,4.905431804258306e-06
76,4.4290500066020355,0.13737935106962507,7.838402690306491e-05
77,3.997917636706462,-0.3292408899100452,0.00038279602553299095
79,4.140147456800511,-0.25241714394140935,0.00036423857040808184
80,4.284756900259105,-0.15923672056855498,0.00011021949150105804
82,3.5303224993771773,-0.9808773284516059,0.016174457760034275
87,4.11437604258263,-0.19438486750530704,0.00015085433297643282
88,4.111647510167565,0.0346567909852471,4.329486701143448e-06
89,4.2984044467862095,0.04280019336741692,2.3702945921013333e-05
90,4.256959038337428,-0.09184540522711959,0.00011652977753674795
95,4.366521079833895,-0.35555812655084473,0.0005668578920336359
96,4.031054529961694,-0.04578106279395566,7.80611076222933e-06
97,3.8701879936069017,0.4552682895785858,0.0009279578220170908
100,4.198160092269917,0.2960785330108928,0.0003495071818226282
101,4.162419010642583,0.10026086639873277,2.5324100107375823e-05
103,4.334129604912642,-0.08849559514431515,3.297798416616481e-05
104,4.4833409465019605,-0.053715333028799606,1.7313086941159863e-05
105,4.0266980818677816,-0.34786896360734687,0.0006643232820285601
106,4.047509606815948,-0.11372510960628945,7.16347082165656e-05
107,4.070939672343965,-0.1274179998564473,0.00011353142008562035
108,3.832722777282222,-0.019415744793233713,1.7012439334970558e-06
111,3.8074831279233528,0.2649565989106981,0.0003232981119242718
117,3.924853675282496,-0.10056958416235684,3.482017945371079e-05
118,4.329797333958432,-0.01230922042212157,6.509139545940079e-07
120,4.1506868317550785,0.2034545994292678,0.0001419858273041497
121,4.242408411371315,-0.17680631801486868,0.0001740312351976007
869,3.9278873025797427,0.07944588265272845,4.365251761446575e-05
871,3.899546378660215,0.08758409925473609,5.687409115310749e-05
872,4.050880494392456,0.11267913685111797,2.037435239621216e-05
873,4.063990316898229,0.050156872620051196,3.7722904033884234e-05
874,4.321645421269068,-0.292728664369422,0.00033913838783243436
880,4.23765921860366,0.15307935667224282,9.191269099413402e-05
884,4.111779614557818,-0.07224328883071252,2.9204057806309276e-05
885,4.08035470324367,-0.12527220835507702,3.5678904072536045e-05
930,4.142869290020924,-0.33398704351229114,0.0006884126195814933
983,3.893461294658454,0.0955227519058206,5.9970684368669045e-05
1031,3.8566694861206923,0.3375204110711243,0.0018065207898954434
1070,4.129279502222556,0.301537296620757,0.0010862261751841912
1084,4.015269485941514,-0.004306532658463702,1.150343547231818e-07
1119,4.1230184212760035,-0.08348209554889774,1.973509904166072e-05
1120,4.184871573890882,0.4142805397716467,0.00032391999601050236
1123,3.9491050744168943,-0.08417367652259866,2.004070379691697e-05
1124,3.8819202427429387,-0.04246793014962824,1.1685109878167434e-05
1137,4.048084479215003,0.15511448791917992,4.2014671695061355e-05
1142,4.027302789750601,-0.08766461728948105,3.675379685755655e-05
1149,3.8752044716299587,-0.4157381818438277,0.0006607484219310047
1151,4.10867105795579,-0.022694745404205463,2.7660513167170135e-06
1152,4.2673263900531575,0.07647903180052662,2.3011379391124528e-05
1153,4.244985596314529,0.003509645734830258,5.334204481627735e-08
1154,3.986779371369202,-0.0807744382666189,2.4590481038607334e-05
1155,4.279597147089975,0.10117870568225396,5.1708976375110957e-05
1168,4.0383738706612196,0.12518576058235453,3.992940179923532e-05
1171,3.8730940099103113,-0.15952194320600332,0.0001235633040193864
1173,3.9621953989201146,-0.1757356164673145,0.00010555134742117136
1175,3.90026244431576,-0.05866190318415976,1.398599204988774e-05
1201,3.8687892737831393,0.15298459560412558,6.335198620714706e-05
1206,3.8856847945736583,0.6051962450123054,0.0012562380577684647
1207,4.161965606833292,0.012421663062344379,8.402910497809464e-07
1211,4.075369856659239,0.10668028598196777,7.454670172866994e-05
1212,4.196682967426767,-0.06793697848733427,2.0865155651649065e-05
1214,3.942735400180619,1.2529953775923168,0.016097221183998242
1226,4.05155358868657,0.22093715891900523,0.00016899155939428172
1238,4.443250068922094,0.4410658584954925,0.0016843164541234363
1239,4.13902232801767,-0.043012486476508016,3.3691117792978787e-06
1240,4.337109313786559,0.009290143244171212,2.039460488498313e-07
1252,4.4739989365238735,0.2542734465982015,0.00042233447736217714
1253,3.7988234526882865,0.31368841348926324,0.0006345821698564203
1266,3.679367487934856,0.36718641045089573,0.0024894487338925878
1274,3.972715426888322,-0.3194631504175369,0.00023342404983233412
1275,4.145680056535023,-0.04138516345975418,4.244251780016038e-06
1276,4.197643927934587,-0.27963885082889384,0.00014928821261951135
1277,4.20139336206835,0.0499549489634159,7.261942256215848e-06
1278,4.005008446401638,0.05887690833575476,7.015438069130033e-06
1284,4.0452664193864045,0.2145925813132692,7.949744404148953e-05
1285,3.801272452530502,-0.9858637331077924,0.002903457654829837
1287,4.071979642926032,-0.008094288188639887,1.107286729611519e-07
1288,4.012535197828597,0.3594411009917833,0.00028418668284243913
1289,4.053549576732831,0.07197060295771962,1.4546837213126445e-05
1290,4.087704957538602,-0.5672441550496288,0.0007263174565801985
1300,4.266531053319898,-0.32300938083238107,0.00021259173535085
1301,3.6543924045944554,-0.6146432456236903,0.0026031884989096143
1303,4.212889067349048,0.16160930090404246,0.0003174175869127691
1304,4.279116592627141,-0.3394784201660217,0.0006727676053723299
1324,3.481335182620188,1.1697639352563032,0.014175123055790344
1335,3.801383888908223,0.8323737539317806,0.002072739591054816
1336,4.2256368019978465,-0.19494226685220184,0.00020942992397960102
1347,4.157010888527334,-0.26519059041670756,0.00012698848280897823
1351,4.3482342948025,0.26589563255706317,0.0002855012142341545
1372,4.353668483994495,0.21379983480958487,0.000614147563883583
1384,3.867416922645116,-0.44315426805196445,0.0019228266452043774
1404,4.246273419517478,-0.3897631240195909,0.0003350780670793198
1409,4.202636121260093,-0.5598006056475633,0.000595464953641569
1410,4.209610673278909,-0.35946307156885027,0.0004355056479847583
1419,3.972270862868775,-0.12852669819392348,0.00013839723100822
1423,3.9507318737913524,-0.14629407904314373,6.023477462673254e-05
1429,3.880172790377118,0.08633840033509799,1.6463399145119305e-05
1430,4.035419856161688,-0.14564245968086187,5.585057248380443e-05
1450,4.408872982068956,0.23455591603622583,0.00032664616340353543
1451,4.325300657459366,-0.2700434839453125,0.00022204849773162108
1454,4.030576368659846,-0.31213811230436495,0.00017645903027714276
1455,3.916336561861972,0.06521250621478458,1.1248374724406745e-05
1462,4.01391721929078,0.10998614517286498,4.1334829732825444e-05
1468,4.201467876493346,-0.21619440932560785,8.440078716080506e-05
1470,4.0329556437166145,0.0973993560285189,1.942563679686731e-05
1472,3.984655993841134,-0.13450839213107546,3.81763293528379e-05
1473,4.043057718233095,0.1405179777169483,4.116815169943496e-05
1474,4.02769348953548,-0.22103099976516027,0.00011554402250655247
1516,4.2007304578666,-0.66850481379804,0.0009535713980208235
1519,4.099400317737196,-0.02866562115422866,2.7567918509445975e-06
1520,3.941621017977744,0.33504510103831153,0.0002474693180144716
1521,4.124304821377536,0.2464080533960722,0.00012750135517580318
1522,4.071190026835206,-0.11802507807588425,4.693368527922426e-05
1549,4.020755849094395,-0.037342847579576066,3.7988876535325137e-06
1550,3.993249891678434,-0.3635897972244688,0.0003283486727895451
1551,4.046791801495931,-0.255807124444841,0.0001805872277224227
1552,4.133614889178947,-0.541797147908142,0.0005870123553785101
1558,4.201398349399281,-0.08561850645711555,5.649635905701152e-05
1559,4.397017861967542,0.2588454383360679,0.0005573247668560852
1568,4.327104480144467,0.46785927747628,0.0008597716062001827
1581,4.114049947107963,-0.4176984781553261,0.00032106960273946294
1582,4.1555001218295775,-0.4178305035462091,0.00033608001533240304
1584,4.2421474451343615,-0.04645038865197293,4.350335383809553e-06
1586,4.128120306938525,-0.09387966878612986,3.618150196910505e-05
1588,4.038234377741596,-0.07361892219427979,1.0962865309249366e-05
1596,4.107946588991974,0.13049831720388294,9.014644360496027e-05
1597,4.117418086191884,0.4141055596279095,0.0003120580262607066
1598,4.269169265718965,-0.08559356976892118,2.464164324050458e-05
1600,4.1627673165461,-0.1267583313369629,3.074936055715999e-05
1605,4.157068847344921,-0.010764546192109314,2.442410370777807e-07
1606,4.2270190064198925,-0.13267444419779206,6.318045763562334e-05
1610,4.166121995553565,-0.05853220658144398,6.483837994415359e-06
1615,4.21724505021315,0.21357174863016315,9.993732189827307e-05
1617,4.1057461833498605,-0.46816002362347486,0.0004408149358510067
1631,4.260877899842064,-0.19014320325909662,0.00018215495717961868
1634,4.224512026777498,0.1870734101379279,6.716695332885608e-05
1636,4.145113739464663,-0.43154167276035515,0.00038300766348640453
1642,4.015313217478616,0.22888710028786186,0.00011053474121447471
1644,4.230977076161003,-0.27207048483400653,0.00014417444647994238
1649,4.2238334976927945,0.03743693584528707,3.822773202145499e-06
1651,4.114286981531819,0.17067794029893069,0.0004092200060515631
1678,4.031138272175982,0.47310599522214947,0.0012663324570654267
1691,4.30115526255745,-0.0038698563386594387,7.254011658406705e-08
1731,4.245206333274277,-0.5463765483071725,0.0008712909398540708
1763,4.032067229719563,-0.2920194890312273,0.00028728029395357443
1813,4.41181984824496,-0.820002106974155,0.010782228869098525
1920,4.134192153187177,0.7554048125320225,0.0017932297138160392
1923,4.273659514920197,-0.2754588132509981,0.00016694688598417888
1992,4.319009158405175,-0.20649729222762492,0.00024118002456740388
1994,4.40536915055166,-0.07991286736617287,4.243947215392488e-05
2005,4.086346841192219,-0.2774645946835861,0.0006675896884514756
2031,3.9801771700273556,0.45775709658482233,0.0008196190547637146
2139,4.263098703180942,-0.06589675551913388,5.4825701471535824e-05
2321,4.3615754285727215,0.0974122472372887,6.75992957325886e-05
2334,4.191026742047054,0.08841330385172697,4.281713846166913e-05
2381,4.1724513435675155,-0.23671181152205323,0.000798932453656352
2382,3.90077374839505,0.14578014999070188,0.00023543646447277174
2407,4.036616025077037,0.2455902743146341,0.0002667096742410143
2415,3.9497511545675312,-0.27598533826364324,0.0004522414087294084
2419,4.046063980599701,-0.38506972997530076,0.0006940543292937502
2420,4.14553258243545,-0.1565485358711758,4.688036434118402e-05
2421,3.904149738026169,0.0736610079399802,1.4890749221049548e-05
2422,3.927164762540407,0.11938913584534472,3.7763714279041713e-05
2423,4.479189537491578,-0.27599057035739527,0.0003184720495900642
2437,4.360291924452579,0.10446610781876764,4.3751762401584113e-05
2463,4.08008386966791,0.0025254363357696263,2.4257791267416025e-08
2464,4.188724130898392,0.08376661670718288,1.4394669704205738e-05
2465,4.280137755720495,-0.16599056620221475,8.965193332365092e-05
2503,4.167990288545915,0.987610775800527,0.0027539658253861563
2514,4.01663774424241,-0.49913990688409404,0.0009585680081580401
2556,4.3069488316978415,-0.11881039018938022,5.64018044642845e-05
2569,4.1469880822823235,0.08566809573728928,1.3399691293465205e-05
2573,4.398057048874937,0.004996952991020542,9.842354854487709e-08
2581,3.802829368465176,-0.44593224569960066,0.0005932389225848532
2587,4.1631006741568966,-0.010487203810820134,3.8462807429352945e-07
2625,4.015620248179331,0.33852118300501566,0.0006980789241356409
2650,4.298031900112891,0.07141595235413067,1.4997294367880983e-05
2651,4.2452921159435215,-0.5639409282503767,0.0010301196583136765
2653,4.107048546688931,0.2432293896703701,0.00010813955150495965
2654,4.290261077266111,-0.23500390375205704,0.0002793517229285889
2656,3.881314542805046,0.09086238544284742,1.9830635502310628e-05
2668,4.483045755946274,-0.1830429567509828,0.00013982286383102256
2691,4.146388587165489,-0.1629755856506696,4.623355951992129e-05
2712,4.572854551326439,-0.1528098494650365,0.00012390253867983143
2713,4.436451448682897,0.015567557811019483,1.091489345553056e-06
2716,4.433074185926499,-0.8087332529501334,0.0032144272003541002
2717,3.967574820026858,-0.027936647565738326,3.2892546481773562e-06
2718,4.037954409819681,-0.36672989094446606,0.0007909957022991665
2720,4.1241700183481464,0.017376145358248607,1.0382792409657037e-06
2721,3.7251864032081077,0.36915815901399274,0.0013968737579837893
2722,4.423087077592611,-0.04733005593232509,9.200669021118725e-06
2723,4.065709576338622,0.27809584551506195,0.0001609282149969536
2727,3.97867414611642,0.26982109593293924,0.0002489967666708737
2729,4.444362031215959,0.18550076736250443,0.00015036087566739427
2731,4.102491844828313,-0.3436200188943417,0.0004275190202241051
2789,4.0796468551452,-0.3932705312493825,0.000266474026411343
2807,4.434277318626803,-0.08787786159607247,3.4330345470850025e-05
2818,4.172067792502255,0.07356621726607138,9.712630073753691e-06
2900,3.971608388057754,-1.138395044001538,0.011883798121036467
2977,3.956165956962343,0.07630320154167025,3.425595606127377e-05
2993,4.062332136776765,-0.19321663235989517,7.662465138697466e-05
2996,4.091055002045465,-0.185050068942882,7.025394611145157e-05
3009,4.278005405521722,-0.6616966442426211,0.000896295494114714
3011,4.04093198002072,-0.01736759985966696,7.854472482365971e-07
3150,4.259806803744851,0.22995253073191257,0.0007229775596501549
3163,4.05917007071727,0.07439520465811178,3.374053293459618e-05
3184,4.356426118410985,-0.3767444645090241,0.0006075243762497204
3301,3.9936971318407264,-0.015886385874577247,1.78169396569209e-06
3377,4.306407356722251,0.37664936792291126,0.0005987936276133873
3378,4.21987434145652,0.36407220807994456,0.0002894739165319257
3382,4.257155283230651,0.25589961384963456,0.0004434168179452684
3388,4.2612797369709705,0.2883777390868616,0.00031556364370175107
3390,4.281316601955774,0.5227044427774832,0.0008616487581360228
3395,4.056169225006366,0.3614658371348831,0.00025626093061850073
3486,4.1278925406331295,-0.17089616956225218,5.480218484814015e-05
3531,4.028044385112659,0.07954540385946274,1.063943662503047e-05
3550,4.22099017808972,-0.0762694085425526,2.70064290177753e-05
3566,3.70448415275551,0.09772398666542959,0.0002338536023112136
3689,3.9373745929558948,0.2537941539017461,0.0004008737688363303
3720,4.002692430045576,0.8216132858591862,0.017293109910962428
3721,4.066516529277752,-0.7307469529380524,0.014212621378260341
3751,4.210197309114276,0.004888870803952727,2.7689873395462435e-07
3822,4.147753308483566,0.06437428939491863,8.255383413530967e-06
3823,4.290403689383772,0.12843691841282645,8.298778107762408e-05
3824,3.992067038046712,-0.0012328521942763793,7.824628001402499e-09
3826,4.187230683193724,0.4018101208644831,0.0003389392267002443
3827,3.9516719547814385,-0.4078182727177597,0.003837984078893309
3829,4.373463204517121,0.3574581867765314,0.00041518562671761687
3830,4.270670307674313,-0.3686976380996678,0.0006804393824239107
3831,4.100806578580869,-0.06303236784716226,1.25244589760143e-05
3832,4.115481905492928,0.4856802590976246,0.0004454813411971915
3854,4.250362695951927,0.14532026516944008,0.00027045803476354995
3873,4.058374440996417,-0.06569353255081634,2.6458091117509483e-05
3889,3.874315052272413,-0.003114041364521647,2.7213101471356745e-08
3893,4.250784573602847,0.324956801694432,0.00022566085967861048
3899,3.82753709127115,-0.2636541273318991,0.00021178416486368484
3904,4.054573825872824,0.6022395932671056,0.0023675871403129847
3905,4.085012502264116,-0.5704864352949577,0.0026702598183942876
3917,4.514422439334805,-0.6453069349179352,0.002284410627826882
4328,4.284406863781141,0.16293923701338286,0.00016989482829598228
4386,4.0615315142780375,0.39165231471217243,0.000486247986070176
4388,4.153994339068087,-0.13761131831569884,8.237762708485789e-05
4393,4.081542797404385,0.9740658623346024,0.0015701467089264324
4452,4.199528271897946,0.2454731619373245,0.00010978251913493453
4453,4.365534623595938,-0.19268699988589333,0.0001126843352969426
4477,4.394544229010891,0.12506806861555386,6.07997450437716e-05
4512,4.15283179315494,0.259966500185695,0.00012728031012313015
4517,4.242375278109685,-0.2552448001947334,0.00012536790390724992
4612,4.321871424577824,-0.7273026499351292,0.001375193910825485
4629,4.006961923099218,0.08904791844194371,1.5566295779592536e-05
4647,4.054871923137733,0.012443966696448427,8.553964823947348e-07
4648,3.9783394588206846,0.3770864940560177,0.0005439759804310611
4650,3.688209130272657,-0.3383050429980523,0.0017207609784212344
4653,4.0298184994597355,-0.08242835019429817,2.862922621667662e-05
4660,4.117821470905782,-0.026815809949195746,3.817817629161713e-06
4683,4.075482133973796,0.26572250617983073,0.0001972290050812876
4761,3.98919032862962,-0.5203342984936499,0.012199811733233064
4775,4.474131055066551,-0.5721583854919063,0.0013989369003906433
4776,4.387591760194072,-0.36224006945892206,0.0004367764623450389
4810,3.9289453018123353,0.5006803116608256,0.0008325279538367841
4864,4.102467552544575,-0.036865459188129,1.7062439920618597e-05
4889,4.256120782435452,0.1493782084235722,7.403853620061792e-05
4913,3.941026310771384,0.1796355597680903,0.00037676341257395456
4929,4.078823781099891,0.14215343205557573,0.0001256373125974904
5089,4.3349582684645975,0.6038229218636744,0.0015654807156587228
5141,3.6790485396239854,0.12092496199553793,0.0005037792467414233
5170,3.8791441150266333,0.01471491977384165,1.8330236955651778e-06
5279,4.2474322159115365,-0.22029640338288559,0.00038373111540731446
5315,3.9984622321782965,0.026889458556853096,3.176235859983314e-06
5366,4.118534694999093,0.522002634826289,0.0033177240041590604
5379,3.8236320421610226,-0.513089028766998,0.002744616150771662
5427,4.156936084862734,0.04476699567986664,3.609374368556986e-06
5448,4.246129592113305,0.7836545208217114,0.0011907002793296434
5461,4.13770724977841,-0.05341302340981091,8.146947168407894e-06
5462,4.128889370805904,0.023724099540172183,3.080205372430061e-06
5485,3.8253681716131167,-0.0526072335184784,1.0991945650210985e-05
5489,4.1973447510542785,-0.11811382664222592,7.7358242923463e-05
5490,4.301654131045564,-0.5856460095433746,0.001429402541196276
5491,4.475086826583748,-0.38575480618519187,0.0007014270852953368
5494,4.5437366152063206,-0.24645120898752992,0.000272008782709985
5497,4.325842023266104,-0.7285297626776583,0.0075225471647817855
5536,4.162320219161485,-0.43662679192483234,0.001476803432083771
5538,3.9863008862149902,0.03188231504154615,2.2906421500576875e-06
5581,3.8099410708031254,0.24704770487520644,0.00018947992961930107
5605,4.18290031454028,-0.10705922388273947,2.065985580866762e-05
5606,4.049514345535363,0.05807544343675808,6.9264003355355835e-06
5623,4.255245859326226,-0.29633926799922916,0.00017277755395256794
5686,4.219647726763649,-0.27806591909395895,0.0004373806242912048
5701,4.27171904651122,0.18495113115842798,9.143164259991542e-05
5702,4.142686228817033,-0.0550306547457291,5.9198254483940055e-06
5713,4.148799204978473,0.29267488833882904,0.002626089720509234
5714,4.034674754579807,-0.3333727804673141,0.00019274848907788818
5719,3.8970734605874133,0.5325521528857475,0.004322823890139976
5725,3.936880140607819,0.36583268734633734,0.0002868133689078603
5774,3.8993828882242485,0.5314339106190649,0.0007334152648030138
5777,4.0685095005652325,0.42349198731722115,0.0004333800183601586
5803,4.18798189804192,-0.31469972093020404,0.0001792397916779334
5889,4.171866106233133,-0.2739420251844886,0.00013893188852926906
5890,4.255506337993322,0.20694754579317465,0.00025788610309179484
5891,4.12320753731842,0.12385811192134444,5.6187902077056386e-05
5908,4.024905769811168,-0.19192597172347492,9.767215150304585e-05
5919,4.363459646169864,-0.3363238336412131,0.0003436722880456292
5931,4.025875975993122,-0.12795189494447756,5.6390713384717246e-05
5943,4.156781969089427,0.17526629577821318,9.692610087352652e-05
5963,4.060795331642971,0.08550896950984122,3.9791336506059724e-05
5964,4.072066285345995,0.6588551059476568,0.0029358408285747465
5969,3.7400325979344693,-0.18468453644505578,0.00015060972327152447
5978,4.113176043701597,0.619507462585454,0.0006699216947729864
6043,4.354511371398685,0.033745813025833016,6.308064813476735e-06
6049,4.336372705099241,0.017768726085105158,8.287182016292842e-07
6051,3.8905411605485427,0.21210220448825323,0.00019127467542305506
6052,4.24415828106316,-0.24229457163522472,0.00020954233759983506
6053,4.201638365446303,-0.20343766377710493,7.803073453325934e-05
6066,4.015728229288303,-0.35988862925256715,0.0015815582990144144
6067,4.247428760238931,0.40843454006467894,0.00046158026904513357
6093,4.2925876799970295,0.04600939674951565,1.0065293982655178e-05
6179,4.053952180463443,-0.07801584929164429,2.1758805750531442e-05
6236,4.507290308194145,0.2557379624095262,0.00028547242497308444
6242,4.124582928184991,-0.17333920960356375,5.140074912456393e-05
6396,4.155622537846518,0.34196243746163635,0.0006550636479072738
6405,4.11524885218955,-0.015916748456410446,4.278309275412414e-07
6437,3.9993984688201234,0.295162140072482,0.00015646042535458898
6445,4.083189539990882,-0.059625159829828966,9.24182873863219e-06
6492,4.249830896293531,0.15688835097072218,7.074719620983197e-05
6546,4.248877445414513,0.12183542935909575,8.0108748177733e-05
6583,4.098893015688775,-0.1286011021366531,4.940560606078706e-05
6607,3.844285238548174,0.11079725634041937,5.94442712524944e-05
6613,3.8773652963863894,0.4767761347979569,0.0022496793204575052
6630,3.9324452038745057,0.00719296858661389,1.0583986281936462e-07
6636,3.922135982239448,-0.1892396427087375,0.0001449497140753686
6638,4.006178806823119,-0.013497898377518247,6.863144097593655e-07
6639,3.763841459608416,0.0734579996237934,0.00014968687025866857
6669,4.125851322820494,-0.12765062115129533,0.00018624124688532953
6686,3.8208594816902344,-0.09757860085896564,2.683490483397182e-05
6717,4.303508267192021,0.004602684531691992,6.099268847622544e-08
6732,4.235839321036534,-0.09111855148936598,4.262670856655213e-05
6746,4.294786586185441,-0.04201478736882169,3.7225154716348735e-06
6751,4.189557369491145,0.09402919236948382,4.800018060633978e-05
6761,4.286214103986042,-0.1257697400594182,3.511124734129599e-05
6775,4.158956681403905,-0.23106032681946864,0.001794073810421879
6790,3.997329261502658,-0.4477118747222293,0.0003742905164776492
6793,3.8692293592651428,0.17030696646196297,0.0001923601028118196
6794,4.338960947367666,-0.15386202187710118,0.00014944872994426662
6797,4.352786549533298,0.2000371560825842,0.00018847211963168723
6807,3.9522987680715302,0.29762402596901394,0.0007975815363433211
6808,4.019969792863519,0.04219587099434641,1.165485663597777e-05
6809,4.260198164002557,-0.13467798431200695,6.822361921396016e-05
6837,4.160805652594596,-0.011341791151416203,7.552633086746028e-07
6840,3.6241338208457896,-0.25683799085931547,0.0008630070849221088
6845,4.189724502853908,0.2784798280610259,0.0002791629247767672
6868,4.274775639653622,0.07550229670567976,3.4283003708267556e-05
6873,3.9968364824779345,-0.23563636678437216,0.0002459854784681277
6888,4.002358376112054,0.17356617310247024,8.640289318658473e-05
6892,4.332896961794098,-0.09589609917047337,3.496823077353739e-05
6893,4.093818623490743,0.17167419492718672,6.879921184440853e-05
6898,4.008189413840868,-0.26104105160295576,0.00021053946059915025
6920,3.99937411396748,-0.07938293889015702,1.3935454653667817e-05
6981,4.594106329526832,0.7116830518599064,0.0029736376069956264
7022,4.132938127027568,0.08509790753708213,2.1583165466333364e-05
7026,3.974042518729752,0.07251137965599996,1.4257556049575177e-05
7028,4.14965933157053,-0.04042615685467865,5.276592768716685e-06
7057,4.041967535108924,-0.01661584437377428,1.792274230625267e-06
7110,3.908589198862422,-0.08649090096226297,2.0816149657376124e-05
7125,3.7412390572372427,0.2805348121500222,0.0010163564406578782
7177,4.242104314612225,-0.6097952119866825,0.002501570100665469
7188,4.131910347401254,0.20407234877122082,0.00029597448965929576
7189,4.281502725061359,-0.2022718006493065,9.198699359797741e-05
7190,4.124790922285166,-0.4741326809914277,0.0004056158787986874
7191,4.304672042251751,-0.09254444437326637,1.8813862204511093e-05
7222,4.212425569377312,0.16584401641885727,9.684369318179608e-05
7223,4.298514072239858,-0.5234569218848688,0.0006520349088070978
7224,4.24238518930859,0.5867282281642758,0.0007518720730336747
7225,4.148484791045691,0.4354617584907734,0.0003396334218650646
7226,4.256007709250903,0.06812494700407612,1.1480613094880596e-05
7227,4.1309087135135885,-0.2109175384362656,0.00011249302588482554
7230,4.393399614033765,0.18131136446961804,0.00014140665843853583
7233,3.949081735541024,0.11652035781542214,0.00010343046792722593
7237,4.301890817635666,-0.16672426089330994,0.00010205340194999725
7244,4.007129328424643,0.028879656784494223,1.700095743259639e-06
7259,4.312615232330618,-0.8626276864990308,0.0019278942663517986
7268,4.287022567251283,-0.43262867465977317,0.0003903605210855108
7274,4.264015540007298,0.15843300916549907,0.00014202063742044002
7305,4.13387433252113,0.11462090952822912,2.4696854622494008e-05
7343,3.94786202886703,0.1936841348393652,8.834135554069884e-05
7356,4.044477633518957,-0.33579555210884093,0.00034386054200201654
7498,3.861326733265918,0.35080086461256643,0.0006895188628604047
7577,4.1081994858938655,0.5730053863702231,0.0005748797588168432
7628,3.9341698894021935,0.09652464574345121,2.010814216119238e-05
7631,4.159252085848491,0.18714737118223912,6.122110403490285e-05
7641,4.185272970873509,0.40681197556592696,0.0012839697331312836
7670,4.0715414641656285,0.39780899867992847,0.0011801487617572272
7698,4.4957513854991555,0.1648535073770363,0.00014393495532015336
7724,4.243489354790586,-0.08616999340709697,1.885272435027095e-05
7770,4.158654162588398,-0.30003193388736715,0.00025322341791127976
7774,3.989300388757133,0.6900491954052095,0.0008953062654243534
7784,3.7862410117481717,-0.3554848278444722,0.0016384240122790778
7786,4.150302837948943,0.02562171126558077,2.4903730833244956e-06
7791,4.192110762041318,-0.1561017768321804,0.00025516862173916027
7792,3.9370311941844047,-0.1665717530780455,0.00010615922850432654
7796,4.204384796448741,-0.5030828223362476,0.0013914204331811548
7853,4.454566351037581,-0.18767002361733098,0.00031793869576247013
7857,4.123712940646708,0.49140757619455133,0.002445891739435492
7860,4.267506941079571,-0.07785219905314555,2.309597997509504e-05
7866,4.097803892199266,0.2627437107974915,0.0007793572332539778
7895,3.961794107558112,-0.6224721296140441,0.0009592161724742876
7968,4.317959944815761,-0.2421188541582202,0.00014798640597947455
8006,3.822103591920805,-0.3816854971053685,0.0005423276895315271
8015,3.7186368400171532,-0.07580132440462384,4.603688440871326e-05
8026,4.056803117809831,-0.07899237184368157,3.517364452387219e-05
8028,4.178344133180685,-0.18566322473508468,0.00014540698674508015
8043,4.151426664970937,-0.3098261238393367,0.0002792687995810488
8072,3.7249174774742726,-0.22538419509125518,0.0002147803713805482
8083,4.2664254638334835,0.053725767122310586,5.965001470625123e-06
8090,4.079743959870663,0.37110886573307145,0.001065875824113799
8134,4.138558924073876,-0.27782921303328045,0.00014233746627892628
8182,3.969243631437705,0.45918937605033205,0.0008872127844495993
8190,4.404966167562396,-0.010517012889956767,3.5814224838317484e-07
8407,3.979784848380625,0.2758278614375982,0.0007544602824919503
8418,3.988278395923695,-0.06038204133925884,6.605297040891523e-06
8445,4.253944175799223,0.02687995336549598,1.5656695108401254e-06
8446,4.080975236934162,0.5060309784262582,0.0012538619833376114
8465,3.9248699776360447,0.3724154285827459,0.0012640548712556064
8466,3.990037616665592,0.10430694555650843,6.40071959159701e-05
8467,3.90477221047891,0.06551970307321175,4.1899400767364715e-05
8470,3.550912795846406,-0.7783240736066248,0.006939093955292352
8512,4.054093911311556,-0.019853273159160523,3.2450193025088785e-06
8523,4.231466884742891,-0.435977695570696,0.00040752788062870573
8525,4.260898452725584,0.22661368979427454,0.000705843717328481
8528,4.133425987116573,0.259787836947873,0.00013668909863243884
8535,4.098638358744567,-0.021100914838847018,1.7318079086050619e-06
8536,3.937292985029847,-1.222598241208968,0.04209789926462747
8553,4.209488519654357,0.3538174622350354,0.00023043818925497683
8556,4.054049025809609,0.2779992390580315,0.0001546157340622135
8605,4.150682084308503,0.015983139493223497,5.11802389633108e-07
8606,3.6944247285904646,0.37117736476598173,0.0008466518179733127
8671,4.023914546533818,-0.06310137693623963,1.0396133094922206e-05
8682,4.16053153477874,0.07357496981851952,0.00018188269337254223
8704,4.1874628043586775,0.4769192412612595,0.0006318777273585908
8713,3.9261987596569563,0.45707709441735744,0.0017680912951474378
8778,4.273253932929505,0.115003251495013,2.9273782268862997e-05
8803,4.017396712184953,-0.04899337332069997,1.3202590596768725e-05
8804,4.082274901419274,-0.15832332512585445,4.149265514282958e-05
8805,4.013988073807415,0.37922575025703154,0.0007527214592653615
8811,4.004259508574324,-0.48379870608535125,0.0012959999427502888
8849,4.0574098085127135,0.6348550843263112,0.0007514600250835457
8885,4.265471025555079,-0.041561258978334514,8.200670843618973e-06
8890,3.802863904410739,0.9635744291734745,0.005903889385200981
8943,4.046670961147253,0.48485268467254006,0.002497724612598999
8981,3.9491447670903033,0.24202397976733758,0.00015512336935092196
9001,4.086207049659376,0.5446308830772928,0.004399824168800771
9114,4.319599036529129,-0.5286143594780395,0.0038838447215453036
9194,4.101412479442319,-0.281504762921978,0.0004388875771928231
9218,3.784372730331197,-0.08060466372351005,2.0705514053210154e-05
9233,3.939498043732314,-0.933815439325155,0.006777068523742625
9244,4.047936888278852,0.25882726189448224,0.00046072175739237417
9247,4.152619705401734,-0.09563092972340215,4.832012551896153e-05
9266,3.998343313946395,-0.607196268137741,0.012457351232542309
9277,3.908368188873612,0.040950601298230804,3.7208948602354995e-06
9314,4.262547901732486,-0.10522854034899698,4.482305634380065e-05
9339,3.5001060515635887,1.2067177881510025,0.010194902987179899
9340,3.9846915243610543,0.34076475882443313,0.0002652695248090591
9343,4.2055806600499155,-0.6028039049893907,0.0030041751332660752
9344,4.4001916302140165,0.2228184739024055,0.0006729025645158909
9517,3.7375134483103607,0.7578418716705237,0.0018422136024063582
9541,3.940344819615008,-0.46527758938639696,0.0013371565267887645
9543,3.9782905753546376,-0.12178027985675044,8.160469146176236e-05
9598,4.116970861774472,0.6059823598700032,0.0010599498247245418
9616,4.39003094345697,0.34792035376494024,0.00041615548953796217
9711,4.130269487491547,0.3005473113517665,0.0001678117030838411
9716,3.9490144894639894,0.25567812992697636,0.00012582506450911589
9729,4.25285371131351,-0.07692916209898648,1.4464434325853557e-05
9734,3.975181030200691,0.06611431093159403,2.4364154204963813e-05
9745,3.773057772321521,-0.06192770927276525,5.045569932954377e-05
9765,4.067092890292636,0.04214028442321549,4.548201467537497e-06
9809,3.7835535012986496,-0.8131390357289487,0.0023778399063865596
9812,3.791792858223185,-0.15420669849679935,8.598860049109418e-05
9860,4.003609545359624,0.11705232517985031,2.8832893510528967e-05
9876,4.305143244085803,0.20571626243104646,0.00011040196655146338
9891,4.166576233328399,-0.5133239568576142,0.0017584499006340869
9897,4.496083347616119,-0.4270565933783077,0.0009002769020740219
9901,4.481983505525823,-0.3199802948299073,0.00044852213670982366
9911,3.7804382663119527,0.2902964302710145,0.0003218677787516777
9948,3.680966764781772,0.06618159745614038,1.7071693609723733e-05
9951,4.13468649090349,-0.01078312643984436,2.272679025367131e-07
9963,4.206953852605262,0.2917440888723126,0.0006751018868051576
9996,4.001145688214629,0.2657506392056215,0.0009321319918728599
10091,4.073541269965412,-0.5239238831849837,0.0004934642983085784
10093,4.185337656615337,0.44061506855528254,0.0003530537325281708
10098,4.1892028543037085,-0.008680595840555583,3.724424786143796e-07
10112,3.7294839199721763,-0.6754827382942095,0.0031608533091074223
10123,3.948711547410559,0.11345411644730685,2.8726862500744347e-05
10213,4.061818600678451,-0.032901843778804896,2.1294305682661947e-06
10244,4.19167901878008,-0.5971102441373852,0.0008024809654206067
10301,4.203821691298087,0.38521911276012055,0.0003467003138979307
10304,3.9605633073797137,-0.12326384814750435,3.1974136819122284e-05
10426,3.8852762532333918,0.5608982012642416,0.0008712807425584624
10476,4.019693556597846,-0.34592774029395823,0.00022860183409283968
10541,4.299007139012322,0.2559218305390223,0.00019090546202064692
10601,3.879274425044615,0.07772194602626215,2.082178733174595e-05
10625,4.3025767467578175,-0.21324472635926117,0.00011943466005152373
10628,4.270600575602239,-0.31743562684291726,0.00028412998558155164
10646,3.9075599694029712,0.16658188550160968,0.00037961024179131446
10692,3.6004834278031836,-0.212709066473169,0.0013856836019406705
11027,3.800861365584168,-0.39966398392201263,0.001741801321682467
11065,3.7285993211735833,-0.16755323856953197,0.00019912178138376633
11152,4.209850935633116,-0.8705289576890483,0.005648730804832298
11163,4.016422707322385,0.04056606835594678,3.5124443269154263e-06
11168,3.9263878067103883,0.06997634715150847,1.0612389718665724e-05
11194,3.9364742066104124,0.6121256278892848,0.0016672405087119853
11195,3.8760395934425103,0.05382333011396678,1.994918738792056e-05
11245,4.127492597867249,-0.18397092537973192,6.904314711081395e-05
11260,3.9945607495070203,-0.2883326570584708,0.000632989108132638
11266,3.980830034864843,0.260496717705903,0.0001788781130920339
11303,3.9489475785289505,-0.35988845969722494,0.0002671070935764704
11304,3.798729594918294,-0.005490125480114738,9.071455222734067e-08
11305,4.26642460486767,-0.7139377756592888,0.0025794348817758804
11307,4.146732194860668,-0.3534927254224889,0.0018011749710036696
11450,3.698897861078941,0.1908795354018853,0.0004789136679809765
11453,4.080455285205012,-0.0914712386407377,0.00015414385181199695
11597,4.108823208471063,0.17476335338956606,0.00010328551958113158
11625,4.281608472752019,-0.056235648123514004,1.1753864196038617e-05
11693,3.9218570663945362,0.07266716054535349,3.049050426640599e-05
11720,3.855063746773906,0.7009161950234137,0.0010283253706916552
11745,4.182461180254949,0.05019499776466407,2.2914833085064344e-05
11780,3.815885743905121,-0.12201874828014514,4.360152757863053e-05
11781,4.623457191653523,-0.22040318978756623,0.00033235061531033814
11865,4.194114656146804,-0.8063402948167897,0.009438826815597504
11931,4.098650370131721,0.31414792320891394,0.00018266659692267592
11944,3.8762421281214934,0.0496837824756442,2.5777011318448532e-05
11978,4.316866408685745,-0.07842150248988755,1.8751563210511097e-05
11984,4.097512894358182,-0.41868377609774754,0.002537642592772375
12013,4.119976501212163,-0.6114206012295083,0.002208653636098831
12149,3.9568642414133226,0.4075074580218381,0.005767357215414179
12160,4.294851197605148,-0.6758578709553782,0.0035869551143048665
12254,3.645042604133424,0.21357962456760715,0.00036382129929917454
12389,3.963448253431122,0.05832561595614294,1.8628670693888416e-05
12684,3.9950354994557746,-0.08501449669830174,2.0592459641278816e-05
12754,3.674477565770088,-0.4049086265863693,0.0013292747666373134
12756,4.165950433962523,0.14216051776119,9.020606745011381e-05
12759,3.8726386973983797,-0.005613057900969665,4.067541825500067e-07
12763,3.8024003864812403,0.041343778193611236,5.113200602905008e-06
12764,4.3356020190597855,0.15191012346007327,5.6733584492149844e-05
12807,3.853832794160383,-0.13539453780490218,0.00021571341420833828
12824,4.125584158948597,-0.3926878194178869,0.00031620063895731646
12843,4.15286485174613,-0.9873898036050441,0.005895791032626391
12845,4.302851272721532,-0.647011672685796,0.0013091832103355107
12848,4.1042367855710955,-0.241404024333721,0.00011137576610378148
12857,4.241644440635819,0.32166154125357327,0.0002612694015848441
12983,4.000874109953767,0.16579111384795997,0.00017421614412570916
13020,3.8906816667508886,-0.019480655842997407,1.1292729127532737e-06
13054,4.234560883059706,-0.8916990784105145,0.0018906513284065796
13056,3.8176710182815095,-0.006573931443323744,2.464242822410029e-07
13066,4.0517684260306135,0.2290557031341054,0.00013388594352860427
13069,4.029185271163557,0.7295640027528343,0.005442137100267438
13074,3.864337847352483,-0.4731908015438293,0.000835837585530384
13075,4.248790914400265,-0.3150064171906064,0.0006647264497638992
13125,3.8490253814620585,0.3631022164164257,0.001228955994734329
13129,3.951800601293649,0.315095726126601,0.0006440025975733461
13148,3.695961261707021,0.19585903640360547,0.00029055744452709617
13158,4.291274722642089,0.6617314586175302,0.0013155487879133992
13162,4.316072301086608,0.10035576030460547,2.9524391949696336e-05
13167,3.868327650885145,0.1623668842604995,0.00015676386796009527
13273,4.2946523050419145,-0.09145333790773158,0.00012642702386511813
13490,3.674680203248547,-0.6254071627665261,0.0031660411853587788
13534,4.0524288995599305,0.1946367496798338,0.0003401710058133114
13584,3.5056357687344377,0.2320338495489307,0.00030324951027337017
13606,3.7220572299170414,0.41789784355711124,0.0022922303783529706
13682,3.9489087694113807,0.5619507371054691,0.0009298706977688133
13831,3.9224959439593157,-0.3169980987844303,0.0003728736161837696
13834,3.7028872896153406,-0.1504004604069591,0.00029563758929513007
13901,3.579055162649461,-1.2372493565021339,0.029585693064434516
13917,4.179543559458249,-0.44664721992753886,0.0005708526760084991
13918,4.158708203848943,0.6345999242545428,0.0008916859306371593
13944,3.9109974645302974,-0.3164286898876023,0.0005824289654928123
13978,4.004040812523153,-0.4094720378804575,0.0023313134470140224
13980,4.240322039284762,-0.5819017926555343,0.0009426920226403989
13981,4.4140578438154305,0.4158546148505673,0.0006100956553155226
13983,4.234678062330635,-0.2757714710036381,0.00022002148619297869
13992,3.985974744399913,-0.28962327544727584,0.00026350477801395796
14008,3.7999568419262424,-0.38551423351406644,0.0004682011846537661
14031,4.199914506556644,-0.16390552134750713,0.00019582545594455916
14032,4.375972550690094,-0.34350339218608106,0.0003168630832002389
14057,3.8594848910171606,0.9901988720213328,0.003159672055375128
14058,4.2001477567559995,0.10930818508304707,6.883949575405445e-05
14087,4.044210643459478,-0.18981675086796868,6.94272309088262e-05
14107,3.9274442493647546,0.24231695214210047,0.0008585818718815327
14191,4.071820336137447,1.01824209159013,0.00590820992459092
14208,3.973613612646664,0.5959293956982763,0.005010140273479393
14216,4.005691538586008,0.06162435124817289,4.50429118946446e-05
14217,4.310238691817047,-0.49033097529670666,0.008230652790971411
14236,4.003249421533874,-0.006885267671977058,3.503580001739573e-07
14237,4.2768256713381705,-0.3932021404317223,0.0008275588978061756
14252,4.200608733283558,0.23614280107956986,0.00010744317648317145
14264,4.432236255487713,0.21311572013321012,0.0001971481578521188
14278,4.406344167641139,-0.12413786824946804,0.0001399319111045972
14280,4.1580234798186115,-0.4666471455060881,0.0005356761985718351
14330,4.335303607929037,-0.11579590275292961,8.381095188480671e-05
14344,3.868222973157123,0.1783309252286287,0.00040097757348994185
14358,3.4321138953494312,-0.9555754952319475,0.015064556359320962
14393,4.317011551265294,1.4908305933156853,0.00717429750851485
14434,3.9022311842724164,-0.1717300554676604,0.0001533694440169211
14440,4.169314349479765,0.2827046570141514,0.000482418213959985
14496,3.8766877111349403,-0.48217931762358157,0.0015424616424859919
14528,4.120370920178805,0.0976651143858458,5.556373264525717e-05
14542,4.164396480089561,0.06680726484973665,6.664262025096646e-05
14551,4.149483771995944,0.18256449287169652,0.00019092664041978893
14563,4.23709296995398,-0.25928222398783074,0.00034082062701685075
14603,4.4200674987581134,1.3416693691586437,0.01797431915841158
14632,4.17262358403535,-0.4067830887852848,0.0023445539997679426
14687,3.9757614774174175,0.3873371473709457,0.0003605363456512409
14689,3.7781767539637565,-0.16725884131953217,0.000666876866205453
14692,4.071776520619661,0.0569694683197719,1.9912288948830027e-05
14756,4.050088665481068,-0.2568491960428889,0.00042444085794248495
14821,4.151559229153708,-0.2971653365621987,0.00018457042302604462
14987,4.283041413755977,-0.046040551132352725,6.686601224341855e-06
15090,4.3337277209726865,-0.12903510158172082,7.258559919174437e-05
15114,4.016321744555382,0.07802281766671815,6.073820481291502e-05
15135,4.290945252620429,-0.003229297417789212,9.528863897977996e-08
15150,3.7913624011517495,0.21597078408072168,0.00014885142658375777
15243,4.324637267025049,-1.1097694635543873,0.003895840707538749
15256,3.675170125490438,-0.2773116450937976,0.0002984176571669163
15257,4.336825468737779,-1.5580061967473622,0.03133054451388039
15268,3.9467535012949724,0.11368950925144672,0.00044301311403524367
15269,4.429855134107176,1.480670470495454,0.021863990175683863
15293,4.102443082667528,0.5713198947861748,0.0016199673187005995
15424,4.441707107690883,0.14223944184558146,8.350364998503681e-05
15516,4.134742694639431,0.09646105029986707,0.00013136911219200798
15517,4.1295199587425735,0.12751018575662254,0.00021631973961992905
15520,4.145201764771768,0.5360031074923208,0.0038675871976464253
15555,4.07164502543418,-0.3556369039319911,0.0007184269312073649
15563,3.9978117827329203,0.5613144647537642,0.0017385497503440088
15581,4.091120167583652,0.014823530481800518,1.6446008117771593e-06
15604,4.0573008419797185,-0.44099208070061735,0.0029152322250025494
15613,4.061080432729862,0.049793431443449165,8.484654870604712e-05
15626,3.7854443669484743,-0.964065480539261,0.0032325569730636966
15644,3.788764236521597,-0.7394911960395762,0.0018054983595592949
15668,4.2685365098435,-0.28140603192854874,0.0003153647803944767
15671,4.331139850777047,-0.21047798023757291,0.0001210811143388138
15750,4.230132199881989,-0.16281631004780817,4.988908637801344e-05
15759,3.610215449390649,-0.6501103534798092,0.0016557258488187655
15771,4.512497546723381,0.247108992569129,0.00026947474770610766
15824,4.142841802119631,0.2329152195406552,0.00024727663166644094
15873,4.2507423949304135,1.0334760472381213,0.007678413613493683
15985,4.004243137393665,-0.28580488103818436,0.0006058444844383772
15990,4.08105600890936,0.4309017953565526,0.0010453485091802145
15996,4.213608202701435,0.07548043631317736,1.5480353845701587e-05
16038,4.066360032052458,0.0735950414216946,1.040913197103401e-05
16097,4.15605849022424,-0.5317175572478745,0.0026757238198816505
16102,4.176436526358583,0.3647283296535955,0.0016585953534426756
16159,4.252732225068421,0.6101761569983797,0.004852557491592242
16191,3.717040123120891,-0.005910060072135348,4.6482463960637977e-07
16209,4.250876618686748,0.07457966449873954,7.375286071499642e-05
16253,3.451481428607512,0.708962935319112,0.009097973212585425
16266,4.265318088586026,-0.302601968842362,0.0019765833192048935
16273,4.2609518492273475,0.07240961346525321,3.846363038100328e-05
16392,3.994655453003595,-0.3057759988896587,0.0002356458250020395
16404,3.9598354267504616,0.2957772830677614,0.00021129954715056948
16436,4.067739991468013,-0.12421831898049573,0.00011839592660546691
16481,4.055078349601828,-0.1653009531210019,0.00015213302551317373
16494,4.053398861927412,0.4044307361619701,0.001073273671758036
16534,4.064654186885514,0.06891108848986782,1.9644219818914306e-05
16610,4.2796018409802175,0.30536563769035485,0.0011994907309841921
16649,4.057406815124766,0.2680494680607213,0.0006851509973689946
16707,3.855494784483724,0.08414338797739562,4.686510185229746e-05
16708,4.378938049224426,0.021664971022390844,1.2988413742841676e-06
16750,3.9080338172508755,0.5895511580572785,0.0007652323966498524
16841,4.409639077684656,-0.5510168489836254,0.00493423726639019
16865,3.7101182429275608,0.24496425196103244,0.0014623339715904241
16877,3.665171673708755,-0.144710871219782,0.00028028636556348235
16920,3.9864491763925867,0.2634736176479575,0.0005104830641510577
16952,4.298585606312193,-0.15703944260579838,5.875847283037864e-05
16953,4.255932164070694,0.3371654406831279,0.000294503941917245
16957,4.390150151313747,-0.39194944964454814,0.00048731028437024195
16960,3.83034878510117,1.2366668424311933,0.008647816320110198
16981,3.7956795786454554,0.32010026429671035,0.0010245762553853937
16994,4.464969394050557,0.21716183307366332,0.0013532052180615511
16996,4.166931489373262,-0.32963203014105247,0.0003952014145705848
17032,3.7349600534457394,0.09585289655686324,3.342430780377838e-05
17046,4.275880097694466,0.010461286845007578,1.0141605050571495e-06
17081,4.184279028529942,-0.7731313160146187,0.011308186964935175
17111,3.9221350277504015,0.02525512151503584,3.677356484222506e-06
17173,3.7749519536023195,-0.6658909947413254,0.0033179295919126975
17176,4.084073292626066,0.18001404418312905,9.904657216245138e-05
17181,4.0100862642119255,0.12026873553320794,0.0001960285938473901
17187,3.7063663114512755,0.3419343122694185,0.001392097609049419
17243,4.536754767303643,0.10088260882194966,5.345417174613371e-05
17264,4.205791887459559,-0.11478622650297243,7.328647158517853e-05
17285,4.054462124889102,0.4442358165884732,0.0012528381215310793
17335,3.738854158125098,-0.03508609151741071,1.3528043115137997e-05
17394,4.1452551542019815,0.2430020302225362,0.0005278692909225594
17418,4.539796297629123,0.014080593971417699,8.819445841325935e-07
17468,4.158896030960062,0.28257806235723937,0.0014786405819806733
17568,3.5874597026658623,-0.18626232100370688,0.00025263489443318177
17574,3.7011071775667075,0.19681690348193692,0.0013950571327597382
17580,4.233113706564739,-0.5876638103781384,0.004850551986517252
17584,3.3886891149979648,0.08946930780031881,6.124467445288033e-05
17592,3.8138335545210165,0.18253059934088034,0.0002650589837920805
17635,4.38433017481604,0.2016571917552774,0.00020360479588476553
17638,3.8327800244648924,0.49663665993669204,0.002191680277530666
17642,4.118959436671658,-0.3167512972507187,0.00023756007882521613
17648,3.8201807150683047,0.8857393740199297,0.002582816180769898
17657,3.8787812631667706,0.22716243489868182,0.0006300205515925158
17659,4.25103249945464,-0.569681311761495,0.000727075881648454
17674,4.298143659897979,0.5593404547041017,0.0036014053881152927
17696,3.9588240000542516,0.15040917466159964,4.3503179836654154e-05
17709,3.9322554567786154,0.30763141073414335,0.00019309830555630958
17806,4.292432410458887,0.13121589890581387,4.413994174067939e-05
17810,3.9678376776511293,0.2749268896892447,0.00020257440670448448
17853,4.261141548238877,-0.059438467696276476,3.0987884369554246e-05
17882,4.199351245749501,0.036203485024123516,3.2820169200241096e-06
17956,4.141574101563622,0.44543211379679803,0.0006612214988476342
17985,3.6052922744560467,-0.556019233974026,0.0058095250853749504
18011,4.10035682703289,0.8526493542267293,0.0013443277112704017
18022,4.180711670408473,-0.4868446747834976,0.0015783263437781881
18124,3.8529026406683795,-0.40291509483679233,0.0009520671346280214
18339,4.20895914705796,0.3585091717461202,0.0007413467064020399
18395,3.733576313632884,-0.21607847627456778,0.0004046607766353751
18405,3.9853273329649346,-0.23817897072702232,0.00035154786496860977
18416,4.152797044387664,0.33696229008910006,0.0014541845654725103
18418,4.023988541880884,-0.4657874114090643,0.0004270960787961367
18424,4.183554520484156,-0.42003152337445426,0.000318612569687535
18426,4.181357485096347,0.17791216245491803,8.961893931831892e-05
18427,4.2287341853529234,-0.2584422718008015,0.00013435475930396467
18429,4.244034118458638,0.0853825659429468,1.4954073698385501e-05
18430,4.149493718949145,-0.05514915672704479,5.2150899349006395e-06
18432,4.252785700071434,-0.021581955132136343,1.0161043608362219e-06
18449,4.0359385341288325,-0.24044934495663783,0.000300983609990067
18519,4.07006509741536,-0.17214101636671542,0.0002551537245319363
18539,3.9746372999487125,0.46918973563061606,0.0009877973480769864
18593,4.162054413590056,0.29924540197833327,0.000749959310134456
18758,4.183854051534007,0.06321159770575768,1.8931142645910253e-05
18806,4.1253154056627155,0.7498819175384357,0.0035243041311379883
18836,4.294691274295272,0.6419386064904877,0.0011723914031451508
18884,3.9582249499200324,0.10049243465891733,0.00012760163391788742
18898,3.6927544774600474,-0.07913750784665785,9.882971995401524e-05
18973,4.312828829848386,-0.21349672611524628,0.001289742369341656
18975,3.9276647249626873,-0.6355384383548941,0.0036940228276515857
18982,4.098925577318073,-0.16514108010841388,0.00022373441926983896
18987,3.7294602301480513,-0.025692163540364188,1.2151753619119428e-05
19034,4.009666281669281,0.1476530797142077,0.0001711021805387887
19102,4.068260194200777,0.41361177544282146,0.002632516077317785
19197,3.924390556351563,0.8266100778480681,0.009061150486945274
19264,3.656897608213122,0.7087455472102353,0.002757557250172007
19308,3.6132075712110034,0.02962794440152594,1.0623725301403926e-05
19341,3.8516845100492003,0.1072220812777962,0.00012224330667272214
19343,4.092058019363203,0.32437004202801045,0.00191399173360165
19435,3.633205280030273,-0.6525866442863304,0.010722397635588368
19535,3.9724369884890405,0.2803348103275787,0.0026467924968679316
19541,4.246338420012424,0.17129664212882556,0.00027186159883031734
19571,4.071227645519415,-0.6936401294963934,0.00685298485056157
19572,4.267852317873538,-0.1852430118698578,7.863941960755387e-05
19590,3.9401757384959026,-0.002484986319178706,2.195886966481562e-08
19743,4.090966410035558,0.11967860788270279,5.588203560419784e-05
19823,3.9638288604291754,0.16169131926137492,0.0002002545485315224
19829,4.209145161611199,-0.0999119868953473,8.788481276568788e-05
19858,3.676694039591231,-0.2821856460798724,0.0006347489860329674
19970,3.699677249687533,-0.42253251669535663,0.0014157936753494583
20012,4.328432085936894,0.1944428573243666,8.628369992297017e-05
20021,4.086537737216287,-0.3253376215227246,0.0006553683026034196
20104,3.815021620795731,-0.04226068270109273,4.558334203858294e-06
20227,4.108912729660203,0.6885293439750111,0.00227665420573199
20228,3.827262258171076,0.5510073276250935,0.0021073540993914045
20357,4.186656602427445,-0.44423638138547883,0.0010978457713830246
20365,3.8662203018044914,0.24629156437305832,0.0006177490331285461
20366,3.7704300779263473,-0.13021579579369202,0.0001405737612238413
20375,4.073234006963901,-0.5121879243598495,0.0005278639956938255
20455,4.218471260985518,-0.4342816270672567,0.0003617566141300324
20460,3.9540994946929455,-0.05617541364430112,1.9846518938186096e-05
20622,3.827880510960219,0.3278726793905249,0.0003938295403589108
20778,3.897972727095043,-0.2736317941186779,0.0004935310134345757
20780,3.936028671329919,0.5275779503363855,0.0005594431581593279
20798,4.255618383240828,-0.047945135711723985,4.5036512162958566e-06
20828,4.124476068134233,0.6470556550690834,0.0007663563702668265
20829,4.302756627357573,-0.22352570294552,0.00035454366376872425
20830,3.6273929703140464,-0.7204919104666709,0.004043196787383716
20831,3.7750251210098114,-0.7792928474558205,0.0018624843521003475
20832,4.0110428337491495,-0.40012492110492515,0.0002866791102583285
20833,4.06206001233583,0.5401056646319624,0.0005045208763560253
20834,4.340977009183382,-0.15587808369281664,6.592504184615271e-05
20835,3.907361944771567,0.35813087364636287,0.0003223589502840499
20836,3.9733729886293,0.2636278739943241,0.00014395210823337369
20838,3.9631236480178433,0.018425420058913122,7.991081099281769e-07
20839,3.935118807965063,-0.261352991661175,0.00016985992543912297
20848,4.156264284501172,-0.5266041900472072,0.0005064910429069407
20850,3.7624663286188262,-1.145070495784747,0.003915948391538308
20856,4.156432454316162,-0.35645895269663885,0.00023666134960200947
20857,4.209947092362433,-0.28797375608111864,0.00029645794118248706
20858,4.036067549318498,0.005227791813786631,4.947217401214312e-08
20859,4.105131718153737,0.1701445465732645,4.716378960375678e-05
20860,4.17743850378894,-0.18660431793650423,8.979103096813106e-05
20958,4.182647999321559,0.5077820306173555,0.003927243670277184
20999,3.9609869187896027,0.3281017202250096,0.00020073522047314924
21003,4.402845595560191,0.527302447623379,0.00387098728458474
21004,4.148813483074785,-0.19181711200390783,0.00015301699529376793
21033,4.035665302566853,0.8334064272076152,0.004485817868369477
21039,4.002877192909552,0.5972804512549947,0.004258645981808354
21059,3.7862016320882352,-0.40181136874246093,0.0005544755449273736
21097,4.144901225389028,0.1551015738062631,0.00045026440457222606
21154,4.0082384416910735,-0.6976954282970489,0.001063225841335533
21210,4.241176528390703,0.06558762178263144,2.181321476913062e-05
21226,4.133571424316738,0.04695083414641488,2.482983306643299e-05
21257,4.023207911581793,-0.0816261039121029,3.3713860903971376e-05
22617,4.369370544025666,-0.31238176834733444,0.00039738216305364974
22618,4.277951980752064,0.028812169421270184,2.4248478195718442e-06
22623,4.146989508999789,0.2199234878640448,0.0006549528272180037
22624,3.9879119450877027,0.32288718029781105,0.00266364645204966
22625,4.1688245332210965,-0.041690148176004804,4.327310230220476e-05
22630,4.226655199989787,0.36745403863888004,0.004714123367065547
22660,4.160753158439091,-0.3321117619499958,0.0008542005163490263
22765,4.28825896555432,-0.2175242689713528,0.00041420277156305847
22766,4.366925648184042,0.39096562482171393,0.0012324959362361046
22788,4.553876539991255,0.5212972752425715,0.002154516752230302
22790,4.032739588565289,0.17938800931319498,0.0004292077208447323
22791,4.266283587495792,0.3527895036612909,0.0015384443707748426
22795,4.131016919319925,0.3754372937290089,0.0018370460888820575
22862,4.354718908996493,0.6213249403301431,0.011102460995841681
23147,4.351043709221984,-0.6722145909615493,0.003851405547888903
23151,3.019727337891321,-0.6309645486562232,0.01064812507182116
23181,3.9891022879753035,-0.44814296393798925,0.0013320566820840677
23219,4.1317149496278756,-0.07299756504892585,1.540584888170924e-05
23221,4.261420068864625,0.22946097072133842,0.0003850937281355998
23232,4.019304823772282,0.16427087217776126,0.00014328594002394193
23296,4.3346661771017265,0.04736045757215468,9.27564341418088e-06
23302,4.349421072766203,-0.17349652355167944,9.314540898351195e-05
23345,3.82404263984907,-0.30358183736009714,0.0005007435352576507
23381,3.946903319138372,0.3476572897542334,0.00031607295903126654
23382,4.010622148250696,0.12614312985535658,4.119606357291844e-05
23384,4.032861392247976,-0.13291096805409897,3.2466889368152465e-05
23385,4.105715228830546,-0.17978931823340805,6.071542321250714e-05
23386,3.966436994364601,0.026243914080999353,1.6379793972056204e-06
23387,3.8041740373648243,0.2318349478443129,0.00015696752418875308
23389,3.8925803353160293,0.064416035754848,1.990862259571081e-05
23405,4.275118752227677,0.20335378071445742,0.0002619852849006261
23410,4.314143932633293,-0.5276841501804928,0.0016167268032248577
23459,3.7752683016662116,-0.9598595822435021,0.01474591513856803
23466,3.7024334975166653,-0.12169620202243214,0.00013819460984040426
23530,3.8098686426521993,-0.08176847538498144,3.859017022593798e-05
23532,4.112611179662806,-0.6040552796801513,0.000674609415085072
23533,4.316731880980427,-0.37321020849290987,0.0003096142419561251
23534,4.0585046059008745,-0.5529472089144765,0.0005935000484708964
23535,4.113996476715243,-0.2788545156230544,0.0001388157085200877
23536,3.9660233331855226,-0.19787069817707836,9.596210218443549e-05
23549,4.393935677902341,-0.5332059668617459,0.0015193604182776196
23614,4.12568327485065,-0.039706962299066006,1.2000027223566273e-05
23692,3.9672516357150487,-0.6530656310425229,0.006808117406288496
23735,3.437016941694663,0.5445321263820935,0.004130042022823564
23737,3.6811592055919355,0.06362788046029655,4.719181981501953e-05
23847,4.387910158162588,0.868021491889011,0.006904826961601853
23855,4.350504180361328,-0.44248919633072026,0.0010456707437888869
23884,4.175632659959454,0.46297230211487417,0.000745679267744967
23889,4.252510914456233,-0.3167713824107712,0.00026930764117643274
23933,3.925887698443394,-0.5347406526347402,0.0012835392404853456
23954,4.122094861433493,-0.17663707991910949,0.00011610528333188905
23966,3.9979328747448806,0.011216841413988377,2.6917617003831756e-07
23993,4.201050744402571,-0.6231028509959167,0.0014413728876476431
24157,4.11920623598041,0.027098065172402208,6.158994132878121e-06
24285,4.285126485441236,0.18193039841722136,0.00015603848547844108
24382,4.187423672426681,-0.008431636144296206,3.809343725477159e-07
24528,3.853400983256197,-0.2866891631164683,0.00041337379506041445
24541,4.205457086756194,0.1538125607950711,8.692635471758462e-05
24551,3.974727437680242,-0.30096162137635396,0.00022257798176361383
24552,4.023657820126101,-0.4513121822681163,0.0005504141800920393
24616,3.780554520066954,0.5180905056678768,0.0013641354500202136
24640,3.814943859190121,-1.2577165478224943,0.008667601835079036
24899,4.025740792680351,-0.17346779165797832,0.00023678736709839007
24954,4.038165421647345,-0.2562511015662192,0.000820438667056703
25078,3.4385709401947273,0.0050471573513801715,4.6530821590873343e-07
25123,4.271939065719786,0.2892792327391227,0.00024094345498188114
25124,3.8824352443874357,0.21855386055333348,0.0012403809748036771
25145,3.8175520691709313,-0.15913182254170355,0.00041939639179881257
25250,3.730519083219664,-0.1895597591823499,9.413269157184276e-05
25258,3.9482358454342674,0.274208719415149,0.00014657090039963165
25260,4.221721904583235,-0.19815752442218137,9.754439504617158e-05
25263,4.213128513471979,-0.17535430273827224,7.897273705492222e-05
25265,4.206494948854665,0.14507247833450787,5.063312760100651e-05
25266,4.153661717571794,-0.1018767697684888,2.2035865763528273e-05
25268,4.141299564785169,-0.20166139232404934,8.75758193657245e-05
25327,4.002498225174845,0.17955191746636157,0.00020989128068090143
25362,4.236326219746637,0.01359657429390726,6.835205139109066e-07
25382,4.14018182663464,-0.0162784621709946,5.762557537505715e-07
25435,3.3992081510533985,-0.6141969088150603,0.005771919926402961
25456,3.9126572945305584,-0.19421903817507769,0.00013551912255570944
25459,4.257741310652383,0.14408795131767782,0.00014074057305479837
25569,4.060512367884113,-0.19139686346724316,0.00042822405364952547
25571,3.7945629959230187,0.7239593833394009,0.012722533166421671
25592,3.7548660744905216,-0.15208931942999682,0.00016264844456700974
25596,3.95984939085078,0.25079562706748115,0.00022201041114673233
25600,4.079794297212707,0.45602581064059144,0.0013241191117882543
25605,4.194286966576436,0.011897077401200384,2.796553930872173e-07
25664,4.049697701494489,-0.29315959890673815,0.00029841818594595655
25696,4.1212256476848435,-0.060782637138424356,6.180765538203419e-06
25766,4.416775774585052,0.4002747704385383,0.0007928198954542552
25811,4.046013089028242,0.5954890262072396,0.004494137177696057
25812,3.6433876754681176,-1.1837988336644072,0.018678602471537787
25815,4.013714790759178,0.35446643709265047,0.0016072822246029456
26005,4.471866153205594,-0.024520052411070026,2.199592769247826e-06
26040,4.360062289239109,1.4837719408648482,0.012379026159810607
26122,4.145127165491992,0.44594409611659724,0.001169553597209096
26301,3.7033350207589057,-0.07102591813336367,4.9526905941648474e-05
26360,4.098921307074547,0.4747582118221736,0.0033800812382440548
26441,4.199639771080466,0.07145530288613422,2.4861055480974918e-05
26450,3.503766298319853,0.05727978428419833,1.672392761301598e-05
26600,4.090981574487116,-0.20530254439857165,7.109818997310852e-05
26816,4.207560990258437,-0.025510847617230326,1.3788013097882214e-06
26818,3.618116379679438,-0.5001664734011979,0.0028018353830288776
27175,3.9457400141939263,0.3529050115409045,0.0042065835651663
27225,3.970853257953466,0.9621807901192381,0.005280393909880481
27242,3.7358082598329507,0.6105911971977798,0.002018371977750546
27340,3.9762452411434843,0.05267151575616147,9.089175926561044e-06
27344,3.82139464445959,0.8258767175471369,0.0015253127170008034
27345,3.997250239460181,0.3721976130068403,0.00027700291998342856
27428,4.028503090882723,0.17618952850824243,0.0010376637647466237
27516,4.141201371858273,-0.422763115502792,0.004643044830121787
27569,3.845720032588677,0.2402562799629071,0.0006139611908165173
27570,3.6824918150401884,-1.189286362437493,0.021611772510943737
27591,4.027504107589522,0.38650557293741095,0.0004226679823256689
27597,4.126732743667078,0.2640058316088254,0.0003293259440909769
27668,3.9597456384377767,0.19443892414034059,8.212893195027293e-05
27671,3.9598391327161586,0.29435413044783854,0.0005913137602749804
27813,3.7592540520184454,0.4105071494884096,0.0014656176734262989
27822,4.312746134370468,-0.31088242494253304,0.00037232224171118684
27823,3.7617055383073392,-0.2990995285165403,0.0021178219315991435
27890,3.5484046116480976,-0.8742559622215689,0.010436726038003634
27967,4.451695616877317,-0.3674013905087179,0.0005413771614164954
27993,4.3882255196335365,-0.1775805017152754,0.00012708524901549261
27994,4.109757539356508,0.03496323019065972,4.461591780547334e-06
28010,4.05515432180734,-0.06802384389238858,0.00011907575210753952
28020,4.1517518566704465,-0.09649468315639265,1.6266864531047086e-05
28064,3.913028845649861,0.1712653807187383,0.00017761480489845297
28066,4.430049134533194,0.8490854125980691,0.010247846085830263
28150,3.8202936410704758,-1.507758217223262,0.025650891940032974
28174,3.7858456569499044,0.029666448097398046,4.355831807768596e-06
28218,4.56625552551971,-0.07425403763725669,3.624817423466115e-05
28225,4.1149620297189085,0.43257904343254694,0.000429129907700737
28272,4.227534608300752,-0.5090963519452716,0.0005701513867050498
28308,4.167676232007299,-0.10379087726990655,7.594393618079277e-05
28361,4.129870185269375,0.4499821927344261,0.000440700202417729
28368,4.2627138772887925,-0.1195791508972599,4.12429250588302e-05
28373,4.0769584491454385,0.22575437880871796,0.00015536405084845022
28376,4.502252937292922,-1.131514763115475,0.00590502119246148
28378,4.372421783858544,-0.07241898466325303,3.088872376602801e-05
28391,3.79735763454049,-0.47954186181738523,0.0030753485095341535
28467,3.9484625514270792,-0.04044756739647193,3.644581946542501e-06
28565,4.342086722399615,0.42435161118459863,0.000559689039770545
28619,4.2498396589953416,0.11707333786849183,0.00016833965243693642
28620,4.314403578128436,-0.37476540566731664,0.0008284987192221622
28667,4.095475172099962,-0.0489212737142104,7.16209737855259e-06
28670,3.9622805844563795,-0.1467684794090771,0.00010553373226259955
28887,4.019394868697943,0.10935112024148985,2.634780540491932e-05
28982,3.8996559161325846,0.5215914316945782,0.0006457635456810217
29116,3.872769062177136,0.44204882280329594,0.0021180523165784003
29289,3.6746539134778295,-0.12791422652501616,0.00013247082628735065
29373,3.842847029267865,-0.08164691357430254,1.7944034308378712e-05
29592,4.311950493759018,-0.39593546706133464,0.001423729101771886
29613,3.7037868598116024,-0.41912329440539864,0.0012673580146875722
29616,3.868671631299064,-0.14297820406241168,0.0001309930191053488
29630,3.683181274743233,0.4358559000692397,0.0014586534654729311
29819,4.033238558322239,0.19067120825450523,0.00024535062802467624
29837,4.125629931446603,-0.12376622201866816,2.8088870758915025e-05
29858,3.769306835080178,0.11019297864240762,0.00029856781932661243
29890,4.122452971477627,-0.27656976855402604,0.00013036680814319722
30143,3.1792908497069146,0.9348563398113656,0.013333849241285691
30302,4.242493119247373,-0.0069383884737490575,1.1506988746704223e-07
30326,4.197205372983631,-0.16296473483123552,0.00016434069925748133
30327,4.00989476518443,0.04882261939452004,7.1940932607530555e-06
30416,3.714531408873478,-0.29026875428032684,0.002964337452851943
30557,4.2474350580675075,0.3395711572929123,0.00041541121213772305
30666,4.025247964674556,-0.02704726300535709,1.509684208639069e-06
30791,4.024115168112683,-0.10611009100698965,6.454712679070777e-05
30800,4.42911535473384,0.906979376148227,0.011706233997772797
30808,4.5117113786312775,-0.09407631649002823,3.780840322222293e-05
30833,3.9586290495902303,-0.524641845105084,0.0027422143930052557
30845,4.232849635289571,0.11613714530611041,0.00011685304399569795
31103,4.040890605216369,0.3093873311429327,0.0005451018873046776
31105,3.7238884693333243,0.5555515765654566,0.0018211666608250689
31106,4.022475615843318,0.07020088927808565,9.975109710319599e-06
31207,4.123969100041215,0.1101374045560446,0.00022812946715846546
31222,4.197465416160606,0.3915753878976016,0.0009347534374312292
31259,4.076454637425021,0.12674432970916172,0.0002550745999991711
31596,4.060619766732447,0.9480135246931356,0.0020592381133807337
31869,3.802423997706981,-0.0791431168757124,1.8737184527287443e-05
31893,3.919343003461528,-0.2180410293490347,0.00026883039099068467
31903,4.064691680842765,-0.10007622529544857,1.909882447947083e-05
31934,3.9440343877282054,-0.33582283668172375,0.0003287214351812881
32141,3.9834945347014763,-0.20386071731907585,9.599850235224171e-05
32142,3.738033177120367,0.442489081342786,0.0006311829244137276
32145,3.9451507040274856,-0.6567488165106745,0.0012601691614725773
32176,4.112282488822825,0.3478619251150086,0.0007037496790509471
32201,3.6989498025110685,-0.13506683857181745,0.0002397676245909534
32202,4.396440854534995,-0.08162296955456316,4.2331454654345576e-05
32206,3.694660504316442,-0.8852578089539445,0.010416857885818523
32252,3.6135426156852373,0.3623937154865615,0.0010052412176842452
32283,4.108785131688511,-0.36636491064654475,0.00035352120932655737
32561,4.032480303014901,-0.34861339072450903,0.00024440801451699155
32667,3.934193748692494,0.21527011275068597,0.0009197690734623545
32792,3.900467253149836,0.20052185179093307,0.0003559887151642591
32895,4.204784973401186,-0.17231581489717307,6.545325582967599e-05
33744,4.120760316910329,-0.1429495709441797,0.00012806936828942855
33997,4.24188692811121,-0.03570288413357403,6.151863096607728e-06
34152,4.051176967946603,0.2782397164549817,0.0001251415888104294
34820,3.81700376167327,0.462436284225511,0.0029182023136483637
35854,3.9131193175809007,-0.06297171587084227,7.762185655852773e-06
35855,4.104491264287908,0.0652699372189467,1.9311705076286207e-05
35856,3.854500841540034,-0.8537810264750036,0.0016513470816300658
36021,3.6951758785383024,1.046271925742337,0.014526960206719878
36205,3.897287424705,0.9771462482108544,0.005820110427329069
36252,4.2068336111579985,0.031611295037858866,6.176309952665082e-06
36327,3.687557992994833,-0.260043303015304,0.0005443413243981145
36848,3.8031354283083676,0.10888757711977837,0.00010567381727298518
36988,3.9934852359421935,-0.4324391533381422,0.0013520418096493732
37032,4.167539960313727,0.5554132613307479,0.0005494834979358103
37035,4.129283166508545,0.3946769640540033,0.00027817408512009946
37036,4.36120846113317,0.049162646549853584,2.0381631812364173e-05
37189,4.062063012721449,0.12607542878701228,3.287144792579247e-05
38957,3.658578504274521,0.35238444900852883,0.0011904340925981253
38978,4.058036427950173,-0.8311924334327951,0.006826049495974115
39062,3.920935899309293,1.0467918937756862,0.013370881902206627
